2026-06-19 08:50:12,252 [INFO] WCS 模擬伺服器已啟動，監聽 Port: 31112 ...
2026-06-19 08:50:21,708 [INFO] WCS 模擬伺服器已啟動，監聽 Port: 31112 ...
2026-06-19 08:50:30,065 [INFO] 
[主動派工] 向 RMS 發送任務請求 (sequence: M1000001)...
2026-06-19 08:50:32,138 [INFO] HTTP POST 成功 -> http://localhost:31111/awd/rms/set_mission_request
回應狀態: 200
回應內容:
{
  "protocol_version": "2.0",
  "sequence": "M1000001",
  "timestamp": "2026-06-19 08:50:32.138",
  "priority": "128",
  "reply": "ACK",
  "sub_missions": [],
  "reason": "NA"
}
2026-06-19 08:50:34,202 [INFO] 
======== 接收到 POST 請求 ========
2026-06-19 08:50:34,202 [INFO] 時間: 2026-06-19 08:50:34.202
2026-06-19 08:50:34,205 [INFO] 端點: /awd/rms/set_mission_result
2026-06-19 08:50:34,205 [INFO] 方法: POST
2026-06-19 08:50:34,205 [INFO] Body 內容:
{
  "protocol_version": "2.0",
  "sequence": "M1000001",
  "timestamp": "2026-06-19 08:50:32.138",
  "priority": "128",
  "space": "A-01-2",
  "action": "start",
  "result": "OK",
  "reason": "NA"
}
2026-06-19 08:50:34,205 [INFO] ==================================
2026-06-19 08:50:34,206 [INFO] 已回覆響應 [200]:
{
  "status": "success",
  "message": "\u6210\u529f\u6536\u5230\u6b65\u9a5f start \u7684\u7d50\u679c"
}
2026-06-19 08:50:34,706 [INFO] 
[發送確認] 非同步發送 ACK (action='start') 給 RMS...
2026-06-19 08:50:36,763 [INFO] HTTP POST 成功 -> http://localhost:31111/awd/rms/set_mission_ack
回應狀態: 200
回應內容:
{
  "status": "success",
  "message": "ACK matched"
}
2026-06-19 08:50:48,791 [INFO] 
======== 接收到 POST 請求 ========
2026-06-19 08:50:48,791 [INFO] 時間: 2026-06-19 08:50:48.791
2026-06-19 08:50:48,791 [INFO] 端點: /awd/rms/set_mission_result
2026-06-19 08:50:48,791 [INFO] 方法: POST
2026-06-19 08:50:48,791 [INFO] Body 內容:
{
  "protocol_version": "2.0",
  "sequence": "M1000001",
  "timestamp": "2026-06-19 08:50:46.762",
  "priority": "128",
  "space": "A-01-2",
  "action": "load",
  "result": "OK",
  "reason": "01"
}
2026-06-19 08:50:48,792 [INFO] ==================================
2026-06-19 08:50:48,792 [INFO] 已回覆響應 [200]:
{
  "status": "success",
  "message": "\u6210\u529f\u6536\u5230\u6b65\u9a5f load \u7684\u7d50\u679c"
}
2026-06-19 08:50:49,293 [INFO] 
[發送確認] 非同步發送 ACK (action='load') 給 RMS...
2026-06-19 08:50:51,335 [INFO] HTTP POST 成功 -> http://localhost:31111/awd/rms/set_mission_ack
回應狀態: 200
回應內容:
{
  "status": "success",
  "message": "ACK matched"
}
2026-06-19 08:51:03,368 [INFO] 
======== 接收到 POST 請求 ========
2026-06-19 08:51:03,368 [INFO] 時間: 2026-06-19 08:51:03.368
2026-06-19 08:51:03,368 [INFO] 端點: /awd/rms/set_mission_result
2026-06-19 08:51:03,369 [INFO] 方法: POST
2026-06-19 08:51:03,369 [INFO] Body 內容:
{
  "protocol_version": "2.0",
  "sequence": "M1000001",
  "timestamp": "2026-06-19 08:51:01.335",
  "priority": "128",
  "space": "L-01-0",
  "action": "unload",
  "result": "OK",
  "reason": "NA"
}
2026-06-19 08:51:03,369 [INFO] ==================================
2026-06-19 08:51:03,369 [INFO] 已回覆響應 [200]:
{
  "status": "success",
  "message": "\u6210\u529f\u6536\u5230\u6b65\u9a5f unload \u7684\u7d50\u679c"
}
2026-06-19 08:51:03,870 [INFO] 
[發送確認] 非同步發送 ACK (action='unload') 給 RMS...
2026-06-19 08:51:05,921 [INFO] HTTP POST 成功 -> http://localhost:31111/awd/rms/set_mission_ack
回應狀態: 200
回應內容:
{
  "status": "success",
  "message": "ACK matched"
}
2026-06-19 08:51:17,958 [INFO] 
======== 接收到 POST 請求 ========
2026-06-19 08:51:17,958 [INFO] 時間: 2026-06-19 08:51:17.958
2026-06-19 08:51:17,958 [INFO] 端點: /awd/rms/set_mission_result
2026-06-19 08:51:17,958 [INFO] 方法: POST
2026-06-19 08:51:17,958 [INFO] Body 內容:
{
  "protocol_version": "2.0",
  "sequence": "M1000001",
  "timestamp": "2026-06-19 08:51:15.921",
  "priority": "128",
  "space": "L-01-0",
  "action": "end",
  "result": "OK",
  "reason": "NA"
}
2026-06-19 08:51:17,958 [INFO] ==================================
2026-06-19 08:51:17,959 [INFO] 已回覆響應 [200]:
{
  "status": "success",
  "message": "\u6210\u529f\u6536\u5230\u6b65\u9a5f end \u7684\u7d50\u679c"
}
2026-06-19 08:51:18,460 [INFO] 
[發送確認] 非同步發送 ACK (action='end') 給 RMS...
2026-06-19 08:51:20,496 [INFO] HTTP POST 成功 -> http://localhost:31111/awd/rms/set_mission_ack
回應狀態: 200
回應內容:
{
  "status": "success",
  "message": "ACK matched"
}
2026-06-19 09:14:16,243 [INFO] WCS 模擬伺服器已啟動，監聽 Port: 31112 ...
2026-06-19 09:14:28,472 [INFO] 成功自 mission.json 載入自訂子任務組合，共 6 個步驟。
2026-06-19 09:14:28,474 [INFO] 
[主動派工] 向 RMS 發送任務請求 (sequence: M2026061901)...
2026-06-19 09:14:30,553 [INFO] HTTP POST 成功 -> http://localhost:31111/awd/rms/set_mission_request
回應狀態: 200
回應內容:
{
  "protocol_version": "2.0",
  "sequence": "M2026061901",
  "timestamp": "2026-06-19 09:14:30.551",
  "priority": "128",
  "reply": "ACK",
  "sub_missions": [],
  "reason": "NA"
}
2026-06-19 09:14:32,586 [INFO] 
======== 接收到 POST 請求 ========
2026-06-19 09:14:32,586 [INFO] 時間: 2026-06-19 09:14:32.586
2026-06-19 09:14:32,588 [INFO] 端點: /awd/rms/set_mission_result
2026-06-19 09:14:32,588 [INFO] 方法: POST
2026-06-19 09:14:32,588 [INFO] Body 內容:
{
  "protocol_version": "2.0",
  "sequence": "M2026061901",
  "timestamp": "2026-06-19 09:14:30.553",
  "priority": "128",
  "space": "B-02-1",
  "action": "start",
  "result": "OK",
  "reason": "NA"
}
2026-06-19 09:14:32,588 [INFO] ==================================
2026-06-19 09:14:32,588 [INFO] 已回覆響應 [200]:
{
  "status": "success",
  "message": "\u6210\u529f\u6536\u5230\u6b65\u9a5f start \u7684\u7d50\u679c"
}
2026-06-19 09:14:33,091 [INFO] 
[發送確認] 非同步發送 ACK (action='start') 給 RMS...
2026-06-19 09:14:35,136 [INFO] HTTP POST 成功 -> http://localhost:31111/awd/rms/set_mission_ack
回應狀態: 200
回應內容:
{
  "status": "success",
  "message": "ACK matched"
}
2026-06-19 09:14:47,173 [INFO] 
======== 接收到 POST 請求 ========
2026-06-19 09:14:47,176 [INFO] 時間: 2026-06-19 09:14:47.173
2026-06-19 09:14:47,178 [INFO] 端點: /awd/rms/set_mission_result
2026-06-19 09:14:47,180 [INFO] 方法: POST
2026-06-19 09:14:47,182 [INFO] Body 內容:
{
  "protocol_version": "2.0",
  "sequence": "M2026061901",
  "timestamp": "2026-06-19 09:14:45.137",
  "priority": "128",
  "space": "B-02-1",
  "action": "load",
  "result": "OK",
  "reason": "01"
}
2026-06-19 09:14:47,184 [INFO] ==================================
2026-06-19 09:14:47,186 [INFO] 已回覆響應 [200]:
{
  "status": "success",
  "message": "\u6210\u529f\u6536\u5230\u6b65\u9a5f load \u7684\u7d50\u679c"
}
2026-06-19 09:14:47,692 [INFO] 
[發送確認] 非同步發送 ACK (action='load') 給 RMS...
2026-06-19 09:14:49,756 [INFO] HTTP POST 成功 -> http://localhost:31111/awd/rms/set_mission_ack
回應狀態: 200
回應內容:
{
  "status": "success",
  "message": "ACK matched"
}
2026-06-19 09:15:01,790 [INFO] 
======== 接收到 POST 請求 ========
2026-06-19 09:15:01,792 [INFO] 時間: 2026-06-19 09:15:01.790
2026-06-19 09:15:01,792 [INFO] 端點: /awd/rms/set_mission_result
2026-06-19 09:15:01,792 [INFO] 方法: POST
2026-06-19 09:15:01,792 [INFO] Body 內容:
{
  "protocol_version": "2.0",
  "sequence": "M2026061901",
  "timestamp": "2026-06-19 09:14:59.758",
  "priority": "128",
  "space": "K-05-3",
  "action": "unload",
  "result": "OK",
  "reason": "NA"
}
2026-06-19 09:15:01,792 [INFO] ==================================
2026-06-19 09:15:01,794 [INFO] 已回覆響應 [200]:
{
  "status": "success",
  "message": "\u6210\u529f\u6536\u5230\u6b65\u9a5f unload \u7684\u7d50\u679c"
}
2026-06-19 09:15:02,295 [INFO] 
[發送確認] 非同步發送 ACK (action='unload') 給 RMS...
2026-06-19 09:15:04,343 [INFO] HTTP POST 成功 -> http://localhost:31111/awd/rms/set_mission_ack
回應狀態: 200
回應內容:
{
  "status": "success",
  "message": "ACK matched"
}
2026-06-19 09:15:16,391 [INFO] 
======== 接收到 POST 請求 ========
2026-06-19 09:15:16,394 [INFO] 時間: 2026-06-19 09:15:16.391
2026-06-19 09:15:16,394 [INFO] 端點: /awd/rms/set_mission_result
2026-06-19 09:15:16,396 [INFO] 方法: POST
2026-06-19 09:15:16,396 [INFO] Body 內容:
{
  "protocol_version": "2.0",
  "sequence": "M2026061901",
  "timestamp": "2026-06-19 09:15:14.346",
  "priority": "128",
  "space": "C-02-1",
  "action": "load",
  "result": "OK",
  "reason": "01"
}
2026-06-19 09:15:16,396 [INFO] ==================================
2026-06-19 09:15:16,396 [INFO] 已回覆響應 [200]:
{
  "status": "success",
  "message": "\u6210\u529f\u6536\u5230\u6b65\u9a5f load \u7684\u7d50\u679c"
}
2026-06-19 09:15:16,898 [INFO] 
[發送確認] 非同步發送 ACK (action='load') 給 RMS...
2026-06-19 09:15:18,961 [INFO] HTTP POST 成功 -> http://localhost:31111/awd/rms/set_mission_ack
回應狀態: 200
回應內容:
{
  "status": "success",
  "message": "ACK matched"
}
2026-06-19 09:15:31,030 [INFO] 
======== 接收到 POST 請求 ========
2026-06-19 09:15:31,031 [INFO] 時間: 2026-06-19 09:15:31.030
2026-06-19 09:15:31,032 [INFO] 端點: /awd/rms/set_mission_result
2026-06-19 09:15:31,032 [INFO] 方法: POST
2026-06-19 09:15:31,032 [INFO] Body 內容:
{
  "protocol_version": "2.0",
  "sequence": "M2026061901",
  "timestamp": "2026-06-19 09:15:28.962",
  "priority": "128",
  "space": "C-05-3",
  "action": "unload",
  "result": "OK",
  "reason": "NA"
}
2026-06-19 09:15:31,032 [INFO] ==================================
2026-06-19 09:15:31,032 [INFO] 已回覆響應 [200]:
{
  "status": "success",
  "message": "\u6210\u529f\u6536\u5230\u6b65\u9a5f unload \u7684\u7d50\u679c"
}
2026-06-19 09:15:31,533 [INFO] 
[發送確認] 非同步發送 ACK (action='unload') 給 RMS...
2026-06-19 09:15:33,578 [INFO] HTTP POST 成功 -> http://localhost:31111/awd/rms/set_mission_ack
回應狀態: 200
回應內容:
{
  "status": "success",
  "message": "ACK matched"
}
2026-06-19 09:15:45,632 [INFO] 
======== 接收到 POST 請求 ========
2026-06-19 09:15:45,632 [INFO] 時間: 2026-06-19 09:15:45.632
2026-06-19 09:15:45,632 [INFO] 端點: /awd/rms/set_mission_result
2026-06-19 09:15:45,632 [INFO] 方法: POST
2026-06-19 09:15:45,632 [INFO] Body 內容:
{
  "protocol_version": "2.0",
  "sequence": "M2026061901",
  "timestamp": "2026-06-19 09:15:43.579",
  "priority": "128",
  "space": "C-05-3",
  "action": "end",
  "result": "OK",
  "reason": "NA"
}
2026-06-19 09:15:45,632 [INFO] ==================================
2026-06-19 09:15:45,634 [INFO] 已回覆響應 [200]:
{
  "status": "success",
  "message": "\u6210\u529f\u6536\u5230\u6b65\u9a5f end \u7684\u7d50\u679c"
}
2026-06-19 09:15:46,136 [INFO] 
[發送確認] 非同步發送 ACK (action='end') 給 RMS...
2026-06-19 09:15:48,196 [INFO] HTTP POST 成功 -> http://localhost:31111/awd/rms/set_mission_ack
回應狀態: 200
回應內容:
{
  "status": "success",
  "message": "ACK matched"
}
2026-06-19 09:20:41,661 [INFO] WCS 模擬器正在關閉...
2026-06-19 09:20:53,807 [INFO] WCS 模擬伺服器已啟動，監聽 Port: 31112 ...
2026-06-19 09:21:09,316 [INFO] 成功自 mission.json 載入自訂子任務組合，共 6 個步驟。
2026-06-19 09:21:09,318 [INFO] 
[主動派工] 向 RMS 發送任務請求 (sequence: M061901)...
2026-06-19 09:21:11,404 [INFO] HTTP POST 成功 -> http://localhost:31111/awd/rms/set_mission_request
回應狀態: 200
回應內容:
{
  "protocol_version": "2.0",
  "sequence": "M061901",
  "timestamp": "2026-06-19 09:21:11.402",
  "priority": "128",
  "reply": "ACK",
  "sub_missions": [],
  "reason": "NA"
}
2026-06-19 09:21:13,474 [INFO] 
======== 接收到 POST 請求 ========
2026-06-19 09:21:13,474 [INFO] 時間: 2026-06-19 09:21:13.474
2026-06-19 09:21:13,474 [INFO] 端點: /awd/rms/set_mission_result
2026-06-19 09:21:13,476 [INFO] 方法: POST
2026-06-19 09:21:13,478 [INFO] Body 內容:
{
  "protocol_version": "2.0",
  "sequence": "M061901",
  "timestamp": "2026-06-19 09:21:11.406",
  "priority": "128",
  "space": "B-02-1",
  "action": "start",
  "result": "OK",
  "reason": "NA"
}
2026-06-19 09:21:13,480 [INFO] ==================================
2026-06-19 09:21:13,480 [INFO] 已回覆響應 [200]:
{
  "status": "success",
  "message": "\u6210\u529f\u6536\u5230\u6b65\u9a5f start \u7684\u7d50\u679c"
}
2026-06-19 09:21:13,985 [INFO] 
[發送確認] 非同步發送 ACK (action='start') 給 RMS...
2026-06-19 09:21:16,021 [INFO] HTTP POST 成功 -> http://localhost:31111/awd/rms/set_mission_ack
回應狀態: 200
回應內容:
{
  "status": "success",
  "message": "ACK matched"
}
2026-06-19 09:21:28,065 [INFO] 
======== 接收到 POST 請求 ========
2026-06-19 09:21:28,066 [INFO] 時間: 2026-06-19 09:21:28.065
2026-06-19 09:21:28,068 [INFO] 端點: /awd/rms/set_mission_result
2026-06-19 09:21:28,070 [INFO] 方法: POST
2026-06-19 09:21:28,072 [INFO] Body 內容:
{
  "protocol_version": "2.0",
  "sequence": "M061901",
  "timestamp": "2026-06-19 09:21:26.022",
  "priority": "128",
  "space": "B-02-1",
  "action": "load",
  "result": "OK",
  "reason": "01"
}
2026-06-19 09:21:28,072 [INFO] ==================================
2026-06-19 09:21:28,074 [INFO] 已回覆響應 [200]:
{
  "status": "success",
  "message": "\u6210\u529f\u6536\u5230\u6b65\u9a5f load \u7684\u7d50\u679c"
}
2026-06-19 09:21:28,579 [INFO] 
[發送確認] 非同步發送 ACK (action='load') 給 RMS...
2026-06-19 09:21:30,637 [INFO] HTTP POST 成功 -> http://localhost:31111/awd/rms/set_mission_ack
回應狀態: 200
回應內容:
{
  "status": "success",
  "message": "ACK matched"
}
2026-06-19 09:21:42,678 [INFO] 
======== 接收到 POST 請求 ========
2026-06-19 09:21:42,680 [INFO] 時間: 2026-06-19 09:21:42.678
2026-06-19 09:21:42,682 [INFO] 端點: /awd/rms/set_mission_result
2026-06-19 09:21:42,682 [INFO] 方法: POST
2026-06-19 09:21:42,684 [INFO] Body 內容:
{
  "protocol_version": "2.0",
  "sequence": "M061901",
  "timestamp": "2026-06-19 09:21:40.639",
  "priority": "128",
  "space": "K-05-3",
  "action": "unload",
  "result": "OK",
  "reason": "NA"
}
2026-06-19 09:21:42,684 [INFO] ==================================
2026-06-19 09:21:42,686 [INFO] 已回覆響應 [200]:
{
  "status": "success",
  "message": "\u6210\u529f\u6536\u5230\u6b65\u9a5f unload \u7684\u7d50\u679c"
}
2026-06-19 09:21:43,189 [INFO] 
[發送確認] 非同步發送 ACK (action='unload') 給 RMS...
2026-06-19 09:21:45,261 [INFO] HTTP POST 成功 -> http://localhost:31111/awd/rms/set_mission_ack
回應狀態: 200
回應內容:
{
  "status": "success",
  "message": "ACK matched"
}
2026-06-19 09:21:57,314 [INFO] 
======== 接收到 POST 請求 ========
2026-06-19 09:21:57,315 [INFO] 時間: 2026-06-19 09:21:57.314
2026-06-19 09:21:57,315 [INFO] 端點: /awd/rms/set_mission_result
2026-06-19 09:21:57,315 [INFO] 方法: POST
2026-06-19 09:21:57,317 [INFO] Body 內容:
{
  "protocol_version": "2.0",
  "sequence": "M061901",
  "timestamp": "2026-06-19 09:21:55.262",
  "priority": "128",
  "space": "C-02-1",
  "action": "load",
  "result": "OK",
  "reason": "01"
}
2026-06-19 09:21:57,317 [INFO] ==================================
2026-06-19 09:21:57,321 [INFO] 已回覆響應 [200]:
{
  "status": "success",
  "message": "\u6210\u529f\u6536\u5230\u6b65\u9a5f load \u7684\u7d50\u679c"
}
2026-06-19 09:21:57,826 [INFO] 
[發送確認] 非同步發送 ACK (action='load') 給 RMS...
2026-06-19 09:21:59,890 [INFO] HTTP POST 成功 -> http://localhost:31111/awd/rms/set_mission_ack
回應狀態: 200
回應內容:
{
  "status": "success",
  "message": "ACK matched"
}
2026-06-19 09:22:11,935 [INFO] 
======== 接收到 POST 請求 ========
2026-06-19 09:22:11,935 [INFO] 時間: 2026-06-19 09:22:11.935
2026-06-19 09:22:11,935 [INFO] 端點: /awd/rms/set_mission_result
2026-06-19 09:22:11,937 [INFO] 方法: POST
2026-06-19 09:22:11,939 [INFO] Body 內容:
{
  "protocol_version": "2.0",
  "sequence": "M061901",
  "timestamp": "2026-06-19 09:22:09.891",
  "priority": "128",
  "space": "C-05-3",
  "action": "unload",
  "result": "OK",
  "reason": "NA"
}
2026-06-19 09:22:11,939 [INFO] ==================================
2026-06-19 09:22:11,941 [INFO] 已回覆響應 [200]:
{
  "status": "success",
  "message": "\u6210\u529f\u6536\u5230\u6b65\u9a5f unload \u7684\u7d50\u679c"
}
2026-06-19 09:22:12,445 [INFO] 
[發送確認] 非同步發送 ACK (action='unload') 給 RMS...
2026-06-19 09:22:14,493 [INFO] HTTP POST 成功 -> http://localhost:31111/awd/rms/set_mission_ack
回應狀態: 200
回應內容:
{
  "status": "success",
  "message": "ACK matched"
}
2026-06-19 09:22:26,518 [INFO] 
======== 接收到 POST 請求 ========
2026-06-19 09:22:26,521 [INFO] 時間: 2026-06-19 09:22:26.518
2026-06-19 09:22:26,521 [INFO] 端點: /awd/rms/set_mission_result
2026-06-19 09:22:26,521 [INFO] 方法: POST
2026-06-19 09:22:26,522 [INFO] Body 內容:
{
  "protocol_version": "2.0",
  "sequence": "M061901",
  "timestamp": "2026-06-19 09:22:24.495",
  "priority": "128",
  "space": "C-05-3",
  "action": "end",
  "result": "OK",
  "reason": "NA"
}
2026-06-19 09:22:26,523 [INFO] ==================================
2026-06-19 09:22:26,523 [INFO] 已回覆響應 [200]:
{
  "status": "success",
  "message": "\u6210\u529f\u6536\u5230\u6b65\u9a5f end \u7684\u7d50\u679c"
}
2026-06-19 09:22:27,025 [INFO] 
[發送確認] 非同步發送 ACK (action='end') 給 RMS...
2026-06-19 09:22:29,090 [INFO] HTTP POST 成功 -> http://localhost:31111/awd/rms/set_mission_ack
回應狀態: 200
回應內容:
{
  "status": "success",
  "message": "ACK matched"
}
2026-06-19 09:27:43,380 [INFO] WCS 模擬器正在關閉...
2026-06-19 09:30:15,407 [INFO] WCS 模擬伺服器已啟動，監聽 Port: 31112 ...
2026-06-19 09:30:53,002 [INFO] 
======== 接收到 POST 請求 ========
2026-06-19 09:30:53,002 [INFO] 時間: 2026-06-19 09:30:53.001
2026-06-19 09:30:53,002 [INFO] 端點: /awd/rms/online
2026-06-19 09:30:53,003 [INFO] 方法: POST
2026-06-19 09:30:53,003 [INFO] Body 內容:
{"protocol_version": "1.0", "sequence": "000002", "timestamp": "2026-06-19 09:30:52.739", "priority": "128", "device": "RMS1.0", "status": "local"}
2026-06-19 09:30:53,003 [INFO] ==================================
2026-06-19 09:30:53,003 [INFO] 已回覆響應 [404]:
{
  "status": "error",
  "message": "\u627e\u4e0d\u5230\u6b64\u7aef\u9ede"
}
2026-06-19 09:30:53,235 [INFO] 
======== 接收到 POST 請求 ========
2026-06-19 09:30:53,236 [INFO] 時間: 2026-06-19 09:30:53.235
2026-06-19 09:30:53,236 [INFO] 端點: /awd/rms/heartbeat
2026-06-19 09:30:53,236 [INFO] 方法: POST
2026-06-19 09:30:53,236 [INFO] Body 內容:
{"protocol_version": "1.0", "sequence": "000001", "timestamp": "2026-06-19 09:30:52.739", "priority": "128", "device": "RMS1.0"}
2026-06-19 09:30:53,236 [INFO] ==================================
2026-06-19 09:30:53,236 [INFO] 已回覆響應 [404]:
{
  "status": "error",
  "message": "\u627e\u4e0d\u5230\u6b64\u7aef\u9ede"
}
2026-06-19 09:31:37,313 [INFO] 成功自 mission.json 載入自訂子任務組合，共 4 個步驟。
2026-06-19 09:31:37,313 [INFO] 
[主動派工] 向 RMS 發送任務請求 (sequence: RMS_061901)...
2026-06-19 09:31:37,479 [INFO] HTTP POST 成功 -> http://192.168.168.63:31111/awd/rms/set_mission_request
回應狀態: 200
回應內容:
{"priority":"128","protocol_version":"1.0","reason":"OK","reply":"ACK","sequence":"RMS_061901","sub_missions":[{"action":"start","space":"A-01-2"},{"action":"load","space":"A-01-2"},{"action":"unload","space":"L-01-0"},{"action":"end","space":"L-01-0"}],"timestamp":"2026-06-19 09:31:37.277"}

2026-06-19 09:32:17,883 [INFO] 
======== 接收到 POST 請求 ========
2026-06-19 09:32:17,883 [INFO] 時間: 2026-06-19 09:32:17.883
2026-06-19 09:32:17,884 [INFO] 端點: /awd/rms/set_mission_result
2026-06-19 09:32:17,885 [INFO] 方法: POST
2026-06-19 09:32:17,886 [INFO] Body 內容:
{"protocol_version": "2.0", "sequence": "RMS_061901", "timestamp": "2026-06-19 09:32:17.780", "priority": "128", "amr": "r16s01", "space": "A-01-2", "action": "start", "result": "OK", "reason": "NA"}
2026-06-19 09:32:17,886 [INFO] ==================================
2026-06-19 09:32:17,886 [INFO] 已回覆響應 [200]:
{
  "status": "success",
  "message": "\u6210\u529f\u6536\u5230\u6b65\u9a5f start \u7684\u7d50\u679c"
}
2026-06-19 09:32:17,907 [INFO] 
======== 接收到 POST 請求 ========
2026-06-19 09:32:17,907 [INFO] 時間: 2026-06-19 09:32:17.907
2026-06-19 09:32:17,907 [INFO] 端點: /awd/rms/online
2026-06-19 09:32:17,908 [INFO] 方法: POST
2026-06-19 09:32:17,908 [INFO] Body 內容:
{"protocol_version": "1.0", "sequence": "000003", "timestamp": "2026-06-19 09:32:17.781", "priority": "128", "device": "RMS1.0", "status": "remote"}
2026-06-19 09:32:17,908 [INFO] ==================================
2026-06-19 09:32:17,908 [INFO] 已回覆響應 [404]:
{
  "status": "error",
  "message": "\u627e\u4e0d\u5230\u6b64\u7aef\u9ede"
}
2026-06-19 09:32:18,389 [INFO] 
[發送確認] 非同步發送 ACK (action='start') 給 RMS...
2026-06-19 09:32:18,506 [INFO] HTTP POST 成功 -> http://192.168.168.63:31111/awd/rms/set_mission_ack
回應狀態: 200
回應內容:
{"message":"OK"}

2026-06-19 09:32:19,191 [INFO] 
======== 接收到 POST 請求 ========
2026-06-19 09:32:19,192 [INFO] 時間: 2026-06-19 09:32:19.191
2026-06-19 09:32:19,192 [INFO] 端點: /awd/rms/set_mission_result
2026-06-19 09:32:19,192 [INFO] 方法: POST
2026-06-19 09:32:19,192 [INFO] Body 內容:
{"protocol_version": "2.0", "sequence": "RMS_061901", "timestamp": "2026-06-19 09:32:18.940", "priority": "128", "amr": "r16s01", "space": "A-01-2", "action": "load", "result": "NG", "reason": "rms \u8b80\u53d6\u5730\u5716\u5305\u6709\u8aa4\uff0c\u8acb\u6b63\u78ba\u914d\u7f6e\u5730\u5716\u5305\u3002"}
2026-06-19 09:32:19,192 [INFO] ==================================
2026-06-19 09:32:19,193 [INFO] 已回覆響應 [200]:
{
  "status": "success",
  "message": "\u6210\u529f\u6536\u5230\u6b65\u9a5f load \u7684\u7d50\u679c"
}
2026-06-19 09:32:19,311 [INFO] 
======== 接收到 POST 請求 ========
2026-06-19 09:32:19,311 [INFO] 時間: 2026-06-19 09:32:19.311
2026-06-19 09:32:19,311 [INFO] 端點: /awd/rms/component_fault_alert
2026-06-19 09:32:19,311 [INFO] 方法: POST
2026-06-19 09:32:19,311 [INFO] Body 內容:
{"protocol_version": "1.0", "sequence": "c00004", "timestamp": "2026-06-19 09:32:18.947", "priority": "128", "device": "r16s01", "position": "4.2,-3.7,0.0", "event": "OK-to-NG", "component": "MAP DATA", "mission_sequence": "RMS_061901", "alert_code": "e490001", "reason": "rms \u8b80\u53d6\u5730\u5716\u5305\u6709\u8aa4\uff0c\u8acb\u6b63\u78ba\u914d\u7f6e\u5730\u5716\u5305\u3002"}
2026-06-19 09:32:19,312 [INFO] ==================================
2026-06-19 09:32:19,312 [INFO] 已回覆響應 [404]:
{
  "status": "error",
  "message": "\u627e\u4e0d\u5230\u6b64\u7aef\u9ede"
}
2026-06-19 09:32:19,506 [INFO] 
======== 接收到 POST 請求 ========
2026-06-19 09:32:19,507 [INFO] 時間: 2026-06-19 09:32:19.506
2026-06-19 09:32:19,507 [INFO] 端點: /awd/rms/component_fault_alert
2026-06-19 09:32:19,508 [INFO] 方法: POST
2026-06-19 09:32:19,509 [INFO] Body 內容:
{"protocol_version": "1.0", "sequence": "c00005", "timestamp": "2026-06-19 09:32:19.195", "priority": "128", "device": "r16s01", "position": "4.2,-3.7,0.0", "event": "NG-to-OK", "component": "MAP DATA", "mission_sequence": "RMS_061901", "alert_code": "e490001", "reason": "rms \u8b80\u53d6\u5730\u5716\u5305\u6709\u8aa4\uff0c\u8acb\u6b63\u78ba\u914d\u7f6e\u5730\u5716\u5305\u3002"}
2026-06-19 09:32:19,509 [INFO] ==================================
2026-06-19 09:32:19,509 [INFO] 已回覆響應 [404]:
{
  "status": "error",
  "message": "\u627e\u4e0d\u5230\u6b64\u7aef\u9ede"
}
2026-06-19 09:32:19,695 [INFO] 
[發送確認] 非同步發送 ACK (action='load') 給 RMS...
2026-06-19 09:32:19,752 [INFO] HTTP POST 成功 -> http://192.168.168.63:31111/awd/rms/set_mission_ack
回應狀態: 200
回應內容:
{"message":"OK"}

2026-06-19 09:32:20,346 [INFO] 
======== 接收到 POST 請求 ========
2026-06-19 09:32:20,346 [INFO] 時間: 2026-06-19 09:32:20.346
2026-06-19 09:32:20,347 [INFO] 端點: /awd/rms/component_fault_alert
2026-06-19 09:32:20,347 [INFO] 方法: POST
2026-06-19 09:32:20,347 [INFO] Body 內容:
{"protocol_version": "1.0", "sequence": "c00006", "timestamp": "2026-06-19 09:32:20.188", "priority": "128", "device": "r16s01", "position": "4.2,-3.7,0.0", "event": "NG-to-OK", "component": "RESTART", "mission_sequence": "none", "alert_code": "n070001", "reason": "\u8eca\u8f1b\u5fa9\u6b78\u3002"}
2026-06-19 09:32:20,347 [INFO] ==================================
2026-06-19 09:32:20,348 [INFO] 已回覆響應 [404]:
{
  "status": "error",
  "message": "\u627e\u4e0d\u5230\u6b64\u7aef\u9ede"
}
2026-06-19 09:32:42,137 [INFO] WCS 模擬器正在關閉...
2026-06-19 09:34:11,343 [INFO] WCS 模擬伺服器已啟動，監聽 Port: 31112 ...
2026-06-19 09:34:12,469 [INFO] 
======== 接收到 POST 請求 ========
2026-06-19 09:34:12,470 [INFO] 時間: 2026-06-19 09:34:12.469
2026-06-19 09:34:12,470 [INFO] 端點: /awd/rms/online
2026-06-19 09:34:12,470 [INFO] 方法: POST
2026-06-19 09:34:12,470 [INFO] Body 內容:
{"protocol_version": "1.0", "sequence": "000002", "timestamp": "2026-06-19 09:33:28.881", "priority": "128", "device": "RMS1.0", "status": "local"}
2026-06-19 09:34:12,471 [INFO] ==================================
2026-06-19 09:34:12,472 [INFO] 已回覆響應 [404]:
{
  "status": "error",
  "message": "\u627e\u4e0d\u5230\u6b64\u7aef\u9ede"
}
2026-06-19 09:34:12,685 [INFO] 
======== 接收到 POST 請求 ========
2026-06-19 09:34:12,686 [INFO] 時間: 2026-06-19 09:34:12.685
2026-06-19 09:34:12,686 [INFO] 端點: /awd/rms/heartbeat
2026-06-19 09:34:12,686 [INFO] 方法: POST
2026-06-19 09:34:12,687 [INFO] Body 內容:
{"protocol_version": "1.0", "sequence": "000001", "timestamp": "2026-06-19 09:33:28.881", "priority": "128", "device": "RMS1.0"}
2026-06-19 09:34:12,687 [INFO] ==================================
2026-06-19 09:34:12,687 [INFO] 已回覆響應 [404]:
{
  "status": "error",
  "message": "\u627e\u4e0d\u5230\u6b64\u7aef\u9ede"
}
2026-06-19 09:34:12,811 [INFO] 
======== 接收到 POST 請求 ========
2026-06-19 09:34:12,812 [INFO] 時間: 2026-06-19 09:34:12.811
2026-06-19 09:34:12,813 [INFO] 端點: /awd/rms/online
2026-06-19 09:34:12,814 [INFO] 方法: POST
2026-06-19 09:34:12,814 [INFO] Body 內容:
{"protocol_version": "1.0", "sequence": "000003", "timestamp": "2026-06-19 09:33:39.540", "priority": "128", "device": "RMS1.0", "status": "remote"}
2026-06-19 09:34:12,814 [INFO] ==================================
2026-06-19 09:34:12,815 [INFO] 已回覆響應 [404]:
{
  "status": "error",
  "message": "\u627e\u4e0d\u5230\u6b64\u7aef\u9ede"
}
2026-06-19 09:34:13,046 [INFO] 
======== 接收到 POST 請求 ========
2026-06-19 09:34:13,046 [INFO] 時間: 2026-06-19 09:34:13.045
2026-06-19 09:34:13,047 [INFO] 端點: /awd/rms/component_fault_alert
2026-06-19 09:34:13,047 [INFO] 方法: POST
2026-06-19 09:34:13,048 [INFO] Body 內容:
{"protocol_version": "1.0", "sequence": "c00004", "timestamp": "2026-06-19 09:33:49.833", "priority": "128", "device": "r16s01", "position": "4.2,-3.7,0.0", "event": "NG-to-OK", "component": "RESTART", "mission_sequence": "none", "alert_code": "n070001", "reason": "\u8eca\u8f1b\u5fa9\u6b78\u3002"}
2026-06-19 09:34:13,048 [INFO] ==================================
2026-06-19 09:34:13,048 [INFO] 已回覆響應 [404]:
{
  "status": "error",
  "message": "\u627e\u4e0d\u5230\u6b64\u7aef\u9ede"
}
2026-06-19 09:35:28,704 [INFO] WCS 模擬器正在關閉...
2026-06-19 09:35:34,719 [INFO] WCS 模擬伺服器已啟動，監聽 Port: 31112 ...
2026-06-19 09:35:46,549 [INFO] 成功自 mission.json 載入自訂子任務組合，共 4 個步驟。
2026-06-19 09:35:46,550 [INFO] 
[主動派工] 向 RMS 發送任務請求 (sequence: test01)...
2026-06-19 09:35:46,652 [INFO] HTTP POST 成功 -> http://192.168.168.63:31111/awd/rms/set_mission_request
回應狀態: 200
回應內容:
{"priority":"128","protocol_version":"1.0","reason":"OK","reply":"ACK","sequence":"test01","sub_missions":[{"action":"start","space":"A-01-2"},{"action":"load","space":"A-01-2"},{"action":"unload","space":"L-01-0"},{"action":"end","space":"L-01-0"}],"timestamp":"2026-06-19 09:35:46.558"}

2026-06-19 09:35:46,753 [INFO] 
======== 接收到 POST 請求 ========
2026-06-19 09:35:46,754 [INFO] 時間: 2026-06-19 09:35:46.753
2026-06-19 09:35:46,754 [INFO] 端點: /awd/rms/set_mission_result
2026-06-19 09:35:46,754 [INFO] 方法: POST
2026-06-19 09:35:46,755 [INFO] Body 內容:
{"protocol_version": "2.0", "sequence": "test01", "timestamp": "2026-06-19 09:35:46.653", "priority": "128", "amr": "r16s01", "space": "A-01-2", "action": "start", "result": "OK", "reason": "NA"}
2026-06-19 09:35:46,755 [INFO] ==================================
2026-06-19 09:35:46,756 [INFO] 已回覆響應 [200]:
{
  "status": "success",
  "message": "\u6210\u529f\u6536\u5230\u6b65\u9a5f start \u7684\u7d50\u679c"
}
2026-06-19 09:35:47,258 [INFO] 
[發送確認] 非同步發送 ACK (action='start') 給 RMS...
2026-06-19 09:35:47,389 [INFO] HTTP POST 成功 -> http://192.168.168.63:31111/awd/rms/set_mission_ack
回應狀態: 200
回應內容:
{"message":"OK"}

2026-06-19 09:36:30,822 [INFO] 
======== 接收到 POST 請求 ========
2026-06-19 09:36:30,824 [INFO] 時間: 2026-06-19 09:36:30.822
2026-06-19 09:36:30,826 [INFO] 端點: /awd/rms/set_mission_result
2026-06-19 09:36:30,828 [INFO] 方法: POST
2026-06-19 09:36:30,829 [INFO] Body 內容:
{"protocol_version": "2.0", "sequence": "test01", "timestamp": "2026-06-19 09:36:30.456", "priority": "128", "amr": "r16s01", "space": "A-01-2", "action": "load", "result": "OK", "reason": "NA"}
2026-06-19 09:36:30,829 [INFO] ==================================
2026-06-19 09:36:30,829 [INFO] 已回覆響應 [200]:
{
  "status": "success",
  "message": "\u6210\u529f\u6536\u5230\u6b65\u9a5f load \u7684\u7d50\u679c"
}
2026-06-19 09:36:31,333 [INFO] 
[發送確認] 非同步發送 ACK (action='load') 給 RMS...
2026-06-19 09:36:31,780 [INFO] HTTP POST 成功 -> http://192.168.168.63:31111/awd/rms/set_mission_ack
回應狀態: 200
回應內容:
{"message":"OK"}

2026-06-19 09:37:12,726 [INFO] 
======== 接收到 POST 請求 ========
2026-06-19 09:37:12,729 [INFO] 時間: 2026-06-19 09:37:12.725
2026-06-19 09:37:12,729 [INFO] 端點: /awd/rms/set_mission_result
2026-06-19 09:37:12,729 [INFO] 方法: POST
2026-06-19 09:37:12,730 [INFO] Body 內容:
{"protocol_version": "2.0", "sequence": "test01", "timestamp": "2026-06-19 09:37:12.548", "priority": "128", "amr": "r16s01", "space": "L-01-0", "action": "unload", "result": "OK", "reason": "NA"}
2026-06-19 09:37:12,730 [INFO] ==================================
2026-06-19 09:37:12,730 [INFO] 已回覆響應 [200]:
{
  "status": "success",
  "message": "\u6210\u529f\u6536\u5230\u6b65\u9a5f unload \u7684\u7d50\u679c"
}
2026-06-19 09:37:13,234 [INFO] 
[發送確認] 非同步發送 ACK (action='unload') 給 RMS...
2026-06-19 09:37:13,544 [INFO] HTTP POST 成功 -> http://192.168.168.63:31111/awd/rms/set_mission_ack
回應狀態: 200
回應內容:
{"message":"OK"}

2026-06-19 09:37:14,149 [INFO] 
======== 接收到 POST 請求 ========
2026-06-19 09:37:14,149 [INFO] 時間: 2026-06-19 09:37:14.148
2026-06-19 09:37:14,149 [INFO] 端點: /awd/rms/set_mission_result
2026-06-19 09:37:14,149 [INFO] 方法: POST
2026-06-19 09:37:14,150 [INFO] Body 內容:
{"protocol_version": "2.0", "sequence": "test01", "timestamp": "2026-06-19 09:37:13.609", "priority": "128", "amr": "r16s01", "space": "L-01-0", "action": "end", "result": "OK", "reason": "NA"}
2026-06-19 09:37:14,150 [INFO] ==================================
2026-06-19 09:37:14,150 [INFO] 已回覆響應 [200]:
{
  "status": "success",
  "message": "\u6210\u529f\u6536\u5230\u6b65\u9a5f end \u7684\u7d50\u679c"
}
2026-06-19 09:37:14,652 [INFO] 
[發送確認] 非同步發送 ACK (action='end') 給 RMS...
2026-06-19 09:37:14,757 [INFO] HTTP POST 成功 -> http://192.168.168.63:31111/awd/rms/set_mission_ack
回應狀態: 200
回應內容:
{"message":"OK"}

2026-06-19 09:37:45,775 [INFO] WCS 模擬器正在關閉...
2026-06-19 09:43:57,517 [INFO] WCS 模擬伺服器已啟動，監聽 Port: 31112 ...
2026-06-19 09:43:57,576 [INFO] 
======== 接收到 POST 請求 ========
2026-06-19 09:43:57,576 [INFO] 時間: 2026-06-19 09:43:57.576
2026-06-19 09:43:57,578 [INFO] 端點: /awd/rms/heartbeat
2026-06-19 09:43:57,578 [INFO] 方法: POST
2026-06-19 09:43:57,578 [INFO] Body 內容:
{"protocol_version": "1.0", "sequence": "000005", "timestamp": "2026-06-19 09:38:30.656", "priority": "128", "device": "RMS1.0"}
2026-06-19 09:43:57,579 [INFO] ==================================
2026-06-19 09:43:57,579 [INFO] 已回覆響應 [404]:
{
  "status": "error",
  "message": "\u627e\u4e0d\u5230\u6b64\u7aef\u9ede"
}
2026-06-19 09:43:57,605 [INFO] 
======== 接收到 POST 請求 ========
2026-06-19 09:43:57,605 [INFO] 時間: 2026-06-19 09:43:57.605
2026-06-19 09:43:57,606 [INFO] 端點: /awd/rms/heartbeat
2026-06-19 09:43:57,607 [INFO] 方法: POST
2026-06-19 09:43:57,607 [INFO] Body 內容:
{"protocol_version": "1.0", "sequence": "000006", "timestamp": "2026-06-19 09:43:37.772", "priority": "128", "device": "RMS1.0"}
2026-06-19 09:43:57,608 [INFO] ==================================
2026-06-19 09:43:57,610 [INFO] 已回覆響應 [404]:
{
  "status": "error",
  "message": "\u627e\u4e0d\u5230\u6b64\u7aef\u9ede"
}
2026-06-19 09:44:27,377 [INFO] 成功自 mission.json 載入自訂子任務組合，共 6 個步驟。
2026-06-19 09:44:27,377 [INFO] 
[主動派工] 向 RMS 發送任務請求 (sequence: test02_RMS)...
2026-06-19 09:44:27,452 [INFO] HTTP POST 成功 -> http://192.168.168.63:31111/awd/rms/set_mission_request
回應狀態: 200
回應內容:
{"priority":"128","protocol_version":"1.0","reason":"OK","reply":"ACK","sequence":"test02_RMS","sub_missions":[{"action":"start","space":"A-01-2"},{"action":"load","space":"A-01-2"},{"action":"unload","space":"L-01-0"},{"action":"load","space":"GL-01-1"},{"action":"unload","space":"GL-01-2"},{"action":"end","space":"GL-01-2"}],"timestamp":"2026-06-19 09:44:27.375"}

2026-06-19 09:44:27,461 [INFO] 
======== 接收到 POST 請求 ========
2026-06-19 09:44:27,463 [INFO] 時間: 2026-06-19 09:44:27.461
2026-06-19 09:44:27,463 [INFO] 端點: /awd/rms/set_mission_result
2026-06-19 09:44:27,463 [INFO] 方法: POST
2026-06-19 09:44:27,463 [INFO] Body 內容:
{"protocol_version": "2.0", "sequence": "test02_RMS", "timestamp": "2026-06-19 09:44:27.384", "priority": "128", "amr": "NA", "space": "NA", "action": "NA", "result": "NG", "reason": "request_pkt matched no zone."}
2026-06-19 09:44:27,464 [INFO] ==================================
2026-06-19 09:44:27,464 [INFO] 已回覆響應 [200]:
{
  "status": "success",
  "message": "\u6210\u529f\u6536\u5230\u6b65\u9a5f NA \u7684\u7d50\u679c"
}
2026-06-19 09:44:27,465 [INFO] 
[等待延遲] 依設定於發送 ACK 前，先等待 10.0 秒...
2026-06-19 09:44:37,466 [INFO] 
[發送確認] 非同步發送 ACK (action='NA') 給 RMS...
2026-06-19 09:44:37,473 [INFO] 
======== 接收到 POST 請求 ========
2026-06-19 09:44:37,473 [INFO] 時間: 2026-06-19 09:44:37.473
2026-06-19 09:44:37,473 [INFO] 端點: /awd/rms/set_mission_result
2026-06-19 09:44:37,474 [INFO] 方法: POST
2026-06-19 09:44:37,475 [INFO] Body 內容:
{"protocol_version": "2.0", "sequence": "test02_RMS", "timestamp": "2026-06-19 09:44:27.384", "priority": "128", "amr": "NA", "space": "NA", "action": "NA", "result": "NG", "reason": "request_pkt matched no zone."}
2026-06-19 09:44:37,475 [INFO] ==================================
2026-06-19 09:44:37,476 [INFO] 已回覆響應 [200]:
{
  "status": "success",
  "message": "\u6210\u529f\u6536\u5230\u6b65\u9a5f NA \u7684\u7d50\u679c"
}
2026-06-19 09:44:37,478 [INFO] 
[等待延遲] 依設定於發送 ACK 前，先等待 10.0 秒...
2026-06-19 09:44:37,510 [INFO] HTTP POST 成功 -> http://192.168.168.63:31111/awd/rms/set_mission_ack
回應狀態: 200
回應內容:
{"message":"OK"}

2026-06-19 09:44:47,480 [INFO] 
[發送確認] 非同步發送 ACK (action='NA') 給 RMS...
2026-06-19 09:44:47,521 [INFO] HTTP POST 成功 -> http://192.168.168.63:31111/awd/rms/set_mission_ack
回應狀態: 200
回應內容:
{"message":"OK"}

2026-06-19 09:45:30,302 [INFO] WCS 模擬器正在關閉...
2026-06-19 09:46:47,282 [INFO] WCS 模擬伺服器已啟動，監聽 Port: 31112 ...
2026-06-19 09:46:56,250 [INFO] 成功自 mission.json 載入自訂子任務組合，共 6 個步驟。
2026-06-19 09:46:56,250 [INFO] 
[主動派工] 向 RMS 發送任務請求 (sequence: M001)...
2026-06-19 09:46:56,349 [INFO] HTTP POST 成功 -> http://192.168.168.63:31111/awd/rms/set_mission_request
回應狀態: 200
回應內容:
{"priority":"128","protocol_version":"1.0","reason":"OK","reply":"ACK","sequence":"M001","sub_missions":[{"action":"start","space":"A-01-2"},{"action":"load","space":"A-01-2"},{"action":"unload","space":"L-01-0"},{"action":"load","space":"GL-01-1"},{"action":"unload","space":"GL-01-2"},{"action":"end","space":"GL-01-2"}],"timestamp":"2026-06-19 09:46:56.274"}

2026-06-19 09:46:56,375 [INFO] 
======== 接收到 POST 請求 ========
2026-06-19 09:46:56,376 [INFO] 時間: 2026-06-19 09:46:56.375
2026-06-19 09:46:56,376 [INFO] 端點: /awd/rms/set_mission_result
2026-06-19 09:46:56,376 [INFO] 方法: POST
2026-06-19 09:46:56,377 [INFO] Body 內容:
{"protocol_version": "2.0", "sequence": "M001", "timestamp": "2026-06-19 09:46:56.298", "priority": "128", "amr": "NA", "space": "NA", "action": "NA", "result": "NG", "reason": "request_pkt matched no zone."}
2026-06-19 09:46:56,377 [INFO] ==================================
2026-06-19 09:46:56,378 [INFO] 已回覆響應 [200]:
{
  "status": "success",
  "message": "\u6210\u529f\u6536\u5230\u6b65\u9a5f NA \u7684\u7d50\u679c"
}
2026-06-19 09:46:56,378 [INFO] 
[等待延遲] 依設定於發送 ACK 前，先等待 10.0 秒...
2026-06-19 09:47:06,379 [INFO] 
[發送確認] 非同步發送 ACK (action='NA') 給 RMS...
2026-06-19 09:47:06,474 [INFO] 
======== 接收到 POST 請求 ========
2026-06-19 09:47:06,475 [INFO] 時間: 2026-06-19 09:47:06.474
2026-06-19 09:47:06,475 [INFO] 端點: /awd/rms/set_mission_result
2026-06-19 09:47:06,476 [INFO] 方法: POST
2026-06-19 09:47:06,476 [INFO] Body 內容:
{"protocol_version": "2.0", "sequence": "M001", "timestamp": "2026-06-19 09:46:56.298", "priority": "128", "amr": "NA", "space": "NA", "action": "NA", "result": "NG", "reason": "request_pkt matched no zone."}
2026-06-19 09:47:06,477 [INFO] ==================================
2026-06-19 09:47:06,477 [INFO] 已回覆響應 [200]:
{
  "status": "success",
  "message": "\u6210\u529f\u6536\u5230\u6b65\u9a5f NA \u7684\u7d50\u679c"
}
2026-06-19 09:47:06,478 [INFO] 
[等待延遲] 依設定於發送 ACK 前，先等待 10.0 秒...
2026-06-19 09:47:06,525 [INFO] HTTP POST 成功 -> http://192.168.168.63:31111/awd/rms/set_mission_ack
回應狀態: 200
回應內容:
{"message":"OK"}

2026-06-19 09:47:16,479 [INFO] 
[發送確認] 非同步發送 ACK (action='NA') 給 RMS...
2026-06-19 09:47:17,093 [INFO] HTTP POST 成功 -> http://192.168.168.63:31111/awd/rms/set_mission_ack
回應狀態: 200
回應內容:
{"message":"OK"}

2026-06-19 09:47:19,558 [INFO] WCS 模擬器正在關閉...
2026-06-19 09:49:30,630 [INFO] WCS 模擬伺服器已啟動，監聽 Port: 31112 ...
2026-06-19 09:49:31,341 [INFO] 
======== 接收到 POST 請求 ========
2026-06-19 09:49:31,342 [INFO] 時間: 2026-06-19 09:49:31.341
2026-06-19 09:49:31,342 [INFO] 端點: /awd/rms/heartbeat
2026-06-19 09:49:31,342 [INFO] 方法: POST
2026-06-19 09:49:31,342 [INFO] Body 內容:
{"protocol_version": "1.0", "sequence": "000008", "timestamp": "2026-06-19 09:48:47.362", "priority": "128", "device": "RMS1.0"}
2026-06-19 09:49:31,343 [INFO] ==================================
2026-06-19 09:49:31,343 [INFO] 已回覆響應 [404]:
{
  "status": "error",
  "message": "\u627e\u4e0d\u5230\u6b64\u7aef\u9ede"
}
2026-06-19 09:49:44,901 [INFO] 成功自 mission.json 載入自訂子任務組合，共 6 個步驟。
2026-06-19 09:49:44,901 [INFO] 
[主動派工] 向 RMS 發送任務請求 (sequence: M001)...
2026-06-19 09:49:44,966 [INFO] HTTP POST 成功 -> http://192.168.168.63:31111/awd/rms/set_mission_request
回應狀態: 200
回應內容:
{"priority":"128","protocol_version":"1.0","reason":"OK","reply":"ACK","sequence":"M001","sub_missions":[{"action":"start","space":"A-01-2"},{"action":"load","space":"A-01-2"},{"action":"unload","space":"L-01-0"},{"action":"load","space":"GL-02-0"},{"action":"unload","space":"GL-02-0"},{"action":"end","space":"GL-02-0"}],"timestamp":"2026-06-19 09:49:44.901"}

2026-06-19 09:49:44,995 [INFO] 
======== 接收到 POST 請求 ========
2026-06-19 09:49:44,996 [INFO] 時間: 2026-06-19 09:49:44.995
2026-06-19 09:49:44,996 [INFO] 端點: /awd/rms/set_mission_result
2026-06-19 09:49:44,997 [INFO] 方法: POST
2026-06-19 09:49:44,998 [INFO] Body 內容:
{"protocol_version": "2.0", "sequence": "M001", "timestamp": "2026-06-19 09:49:44.925", "priority": "128", "amr": "r16s01", "space": "A-01-2", "action": "start", "result": "OK", "reason": "NA"}
2026-06-19 09:49:44,999 [INFO] ==================================
2026-06-19 09:49:45,000 [INFO] 已回覆響應 [200]:
{
  "status": "success",
  "message": "\u6210\u529f\u6536\u5230\u6b65\u9a5f start \u7684\u7d50\u679c"
}
2026-06-19 09:49:45,000 [INFO] 
[等待延遲] 依設定於發送 ACK 前，先等待 10.0 秒...
2026-06-19 09:49:55,001 [INFO] 
[發送確認] 非同步發送 ACK (action='start') 給 RMS...
2026-06-19 09:49:55,160 [INFO] HTTP POST 成功 -> http://192.168.168.63:31111/awd/rms/set_mission_ack
回應狀態: 200
回應內容:
{"message":"OK"}

2026-06-19 09:49:55,244 [INFO] 
======== 接收到 POST 請求 ========
2026-06-19 09:49:55,245 [INFO] 時間: 2026-06-19 09:49:55.244
2026-06-19 09:49:55,246 [INFO] 端點: /awd/rms/set_mission_result
2026-06-19 09:49:55,246 [INFO] 方法: POST
2026-06-19 09:49:55,247 [INFO] Body 內容:
{"protocol_version": "2.0", "sequence": "M001", "timestamp": "2026-06-19 09:49:44.925", "priority": "128", "amr": "r16s01", "space": "A-01-2", "action": "start", "result": "OK", "reason": "NA"}
2026-06-19 09:49:55,247 [INFO] ==================================
2026-06-19 09:49:55,248 [INFO] 已回覆響應 [200]:
{
  "status": "success",
  "message": "\u6210\u529f\u6536\u5230\u6b65\u9a5f start \u7684\u7d50\u679c"
}
2026-06-19 09:49:55,250 [INFO] 
[等待延遲] 依設定於發送 ACK 前，先等待 10.0 秒...
2026-06-19 09:50:05,251 [INFO] 
[發送確認] 非同步發送 ACK (action='start') 給 RMS...
2026-06-19 09:50:05,831 [INFO] HTTP POST 成功 -> http://192.168.168.63:31111/awd/rms/set_mission_ack
回應狀態: 200
回應內容:
{"message":"OK"}

2026-06-19 09:50:40,591 [INFO] 
======== 接收到 POST 請求 ========
2026-06-19 09:50:40,591 [INFO] 時間: 2026-06-19 09:50:40.591
2026-06-19 09:50:40,592 [INFO] 端點: /awd/rms/set_mission_result
2026-06-19 09:50:40,592 [INFO] 方法: POST
2026-06-19 09:50:40,592 [INFO] Body 內容:
{"protocol_version": "2.0", "sequence": "M001", "timestamp": "2026-06-19 09:50:40.422", "priority": "128", "amr": "r16s01", "space": "A-01-2", "action": "load", "result": "OK", "reason": "NA"}
2026-06-19 09:50:40,592 [INFO] ==================================
2026-06-19 09:50:40,592 [INFO] 已回覆響應 [200]:
{
  "status": "success",
  "message": "\u6210\u529f\u6536\u5230\u6b65\u9a5f load \u7684\u7d50\u679c"
}
2026-06-19 09:50:40,594 [INFO] 
[等待延遲] 依設定於發送 ACK 前，先等待 10.0 秒...
2026-06-19 09:50:50,596 [INFO] 
[發送確認] 非同步發送 ACK (action='load') 給 RMS...
2026-06-19 09:50:50,696 [INFO] 
======== 接收到 POST 請求 ========
2026-06-19 09:50:50,697 [INFO] 時間: 2026-06-19 09:50:50.696
2026-06-19 09:50:50,697 [INFO] 端點: /awd/rms/set_mission_result
2026-06-19 09:50:50,698 [INFO] 方法: POST
2026-06-19 09:50:50,698 [INFO] Body 內容:
{"protocol_version": "2.0", "sequence": "M001", "timestamp": "2026-06-19 09:50:40.422", "priority": "128", "amr": "r16s01", "space": "A-01-2", "action": "load", "result": "OK", "reason": "NA"}
2026-06-19 09:50:50,698 [INFO] ==================================
2026-06-19 09:50:50,698 [INFO] 已回覆響應 [200]:
{
  "status": "success",
  "message": "\u6210\u529f\u6536\u5230\u6b65\u9a5f load \u7684\u7d50\u679c"
}
2026-06-19 09:50:50,701 [INFO] 
[等待延遲] 依設定於發送 ACK 前，先等待 10.0 秒...
2026-06-19 09:50:50,967 [INFO] HTTP POST 成功 -> http://192.168.168.63:31111/awd/rms/set_mission_ack
回應狀態: 200
回應內容:
{"message":"OK"}

2026-06-19 09:51:00,703 [INFO] 
[發送確認] 非同步發送 ACK (action='load') 給 RMS...
2026-06-19 09:51:00,966 [INFO] HTTP POST 成功 -> http://192.168.168.63:31111/awd/rms/set_mission_ack
回應狀態: 200
回應內容:
{"message":"OK"}

2026-06-19 09:51:18,165 [INFO] 
======== 接收到 POST 請求 ========
2026-06-19 09:51:18,165 [INFO] 時間: 2026-06-19 09:51:18.165
2026-06-19 09:51:18,165 [INFO] 端點: /awd/rms/set_mission_result
2026-06-19 09:51:18,167 [INFO] 方法: POST
2026-06-19 09:51:18,167 [INFO] Body 內容:
{"protocol_version": "2.0", "sequence": "M001", "timestamp": "2026-06-19 09:51:17.901", "priority": "128", "amr": "r16s01", "space": "L-01-0", "action": "unload", "result": "OK", "reason": "NA"}
2026-06-19 09:51:18,168 [INFO] ==================================
2026-06-19 09:51:18,168 [INFO] 已回覆響應 [200]:
{
  "status": "success",
  "message": "\u6210\u529f\u6536\u5230\u6b65\u9a5f unload \u7684\u7d50\u679c"
}
2026-06-19 09:51:18,169 [INFO] 
[等待延遲] 依設定於發送 ACK 前，先等待 10.0 秒...
2026-06-19 09:51:28,170 [INFO] 
[發送確認] 非同步發送 ACK (action='unload') 給 RMS...
2026-06-19 09:51:28,185 [INFO] 
======== 接收到 POST 請求 ========
2026-06-19 09:51:28,186 [INFO] 時間: 2026-06-19 09:51:28.185
2026-06-19 09:51:28,187 [INFO] 端點: /awd/rms/set_mission_result
2026-06-19 09:51:28,187 [INFO] 方法: POST
2026-06-19 09:51:28,190 [INFO] Body 內容:
{"protocol_version": "2.0", "sequence": "M001", "timestamp": "2026-06-19 09:51:17.901", "priority": "128", "amr": "r16s01", "space": "L-01-0", "action": "unload", "result": "OK", "reason": "NA"}
2026-06-19 09:51:28,192 [INFO] ==================================
2026-06-19 09:51:28,196 [INFO] 已回覆響應 [200]:
{
  "status": "success",
  "message": "\u6210\u529f\u6536\u5230\u6b65\u9a5f unload \u7684\u7d50\u679c"
}
2026-06-19 09:51:28,202 [INFO] 
[等待延遲] 依設定於發送 ACK 前，先等待 10.0 秒...
2026-06-19 09:51:28,234 [INFO] HTTP POST 成功 -> http://192.168.168.63:31111/awd/rms/set_mission_ack
回應狀態: 200
回應內容:
{"message":"OK"}

2026-06-19 09:51:38,204 [INFO] 
[發送確認] 非同步發送 ACK (action='unload') 給 RMS...
2026-06-19 09:51:38,711 [INFO] HTTP POST 成功 -> http://192.168.168.63:31111/awd/rms/set_mission_ack
回應狀態: 200
回應內容:
{"message":"OK"}

2026-06-19 09:52:07,229 [INFO] 
======== 接收到 POST 請求 ========
2026-06-19 09:52:07,230 [INFO] 時間: 2026-06-19 09:52:07.229
2026-06-19 09:52:07,231 [INFO] 端點: /awd/rms/set_mission_result
2026-06-19 09:52:07,231 [INFO] 方法: POST
2026-06-19 09:52:07,231 [INFO] Body 內容:
{"protocol_version": "2.0", "sequence": "M001", "timestamp": "2026-06-19 09:52:07.155", "priority": "128", "amr": "r16s01", "space": "GL-02-0", "action": "load", "result": "OK", "reason": "NA"}
2026-06-19 09:52:07,232 [INFO] ==================================
2026-06-19 09:52:07,232 [INFO] 已回覆響應 [200]:
{
  "status": "success",
  "message": "\u6210\u529f\u6536\u5230\u6b65\u9a5f load \u7684\u7d50\u679c"
}
2026-06-19 09:52:07,234 [INFO] 
[等待延遲] 依設定於發送 ACK 前，先等待 10.0 秒...
2026-06-19 09:52:13,353 [INFO] 
======== 接收到 POST 請求 ========
2026-06-19 09:52:13,353 [INFO] 時間: 2026-06-19 09:52:13.353
2026-06-19 09:52:13,354 [INFO] 端點: /awd/rms/set_mission_result
2026-06-19 09:52:13,354 [INFO] 方法: POST
2026-06-19 09:52:13,354 [INFO] Body 內容:
{"protocol_version": "2.0", "sequence": "M001", "timestamp": "2026-06-19 09:52:12.958", "priority": "128", "amr": "r16s01", "space": "GL-02-0", "action": "unload", "result": "OK", "reason": "NA"}
2026-06-19 09:52:13,354 [INFO] ==================================
2026-06-19 09:52:13,355 [INFO] 已回覆響應 [200]:
{
  "status": "success",
  "message": "\u6210\u529f\u6536\u5230\u6b65\u9a5f unload \u7684\u7d50\u679c"
}
2026-06-19 09:52:13,356 [INFO] 
[等待延遲] 依設定於發送 ACK 前，先等待 10.0 秒...
2026-06-19 09:52:17,235 [INFO] 
[發送確認] 非同步發送 ACK (action='load') 給 RMS...
2026-06-19 09:52:17,272 [INFO] HTTP POST 成功 -> http://192.168.168.63:31111/awd/rms/set_mission_ack
回應狀態: 200
回應內容:
{"message":"OK"}

2026-06-19 09:52:17,310 [INFO] 
======== 接收到 POST 請求 ========
2026-06-19 09:52:17,311 [INFO] 時間: 2026-06-19 09:52:17.310
2026-06-19 09:52:17,311 [INFO] 端點: /awd/rms/set_mission_result
2026-06-19 09:52:17,311 [INFO] 方法: POST
2026-06-19 09:52:17,311 [INFO] Body 內容:
{"protocol_version": "2.0", "sequence": "M001", "timestamp": "2026-06-19 09:52:17.236", "priority": "128", "amr": "r16s01", "space": "GL-02-0", "action": "end", "result": "OK", "reason": "NA"}
2026-06-19 09:52:17,312 [INFO] ==================================
2026-06-19 09:52:17,312 [INFO] 已回覆響應 [200]:
{
  "status": "success",
  "message": "\u6210\u529f\u6536\u5230\u6b65\u9a5f end \u7684\u7d50\u679c"
}
2026-06-19 09:52:17,312 [INFO] 
[等待延遲] 依設定於發送 ACK 前，先等待 10.0 秒...
2026-06-19 09:52:23,358 [INFO] 
[發送確認] 非同步發送 ACK (action='unload') 給 RMS...
2026-06-19 09:52:23,401 [INFO] HTTP POST 成功 -> http://192.168.168.63:31111/awd/rms/set_mission_ack
回應狀態: 200
回應內容:
{"message":"OK"}

2026-06-19 09:52:27,314 [INFO] 
[發送確認] 非同步發送 ACK (action='end') 給 RMS...
2026-06-19 09:52:27,487 [INFO] HTTP POST 成功 -> http://192.168.168.63:31111/awd/rms/set_mission_ack
回應狀態: 200
回應內容:
{"message":"OK"}

2026-06-19 09:53:47,590 [INFO] 
======== 接收到 POST 請求 ========
2026-06-19 09:53:47,590 [INFO] 時間: 2026-06-19 09:53:47.589
2026-06-19 09:53:47,590 [INFO] 端點: /awd/rms/heartbeat
2026-06-19 09:53:47,590 [INFO] 方法: POST
2026-06-19 09:53:47,592 [INFO] Body 內容:
{"protocol_version": "1.0", "sequence": "000009", "timestamp": "2026-06-19 09:53:47.388", "priority": "128", "device": "RMS1.0"}
2026-06-19 09:53:47,592 [INFO] ==================================
2026-06-19 09:53:47,593 [INFO] 已回覆響應 [404]:
{
  "status": "error",
  "message": "\u627e\u4e0d\u5230\u6b64\u7aef\u9ede"
}
2026-06-19 09:56:00,587 [INFO] 結束 WCS 模擬器。
2026-06-19 09:56:02,778 [INFO] WCS 模擬伺服器已啟動，監聽 Port: 31112 ...
2026-06-19 09:56:23,890 [INFO] 成功自 mission.json 載入自訂子任務組合，共 6 個步驟。
2026-06-19 09:56:23,891 [INFO] 
[主動派工] 向 RMS 發送任務請求 (sequence: M002)...
2026-06-19 09:56:24,013 [INFO] HTTP POST 成功 -> http://192.168.168.63:31111/awd/rms/set_mission_request
回應狀態: 200
回應內容:
{"priority":"128","protocol_version":"1.0","reason":"OK","reply":"ACK","sequence":"M002","sub_missions":[{"action":"start","space":"A-01-2"},{"action":"load","space":"A-01-2"},{"action":"unload","space":"L-01-0"},{"action":"load","space":"GL-02-0"},{"action":"unload","space":"GL-02-0"},{"action":"end","space":"GL-02-0"}],"timestamp":"2026-06-19 09:56:23.901"}

2026-06-19 09:56:24,103 [INFO] 
======== 接收到 POST 請求 ========
2026-06-19 09:56:24,103 [INFO] 時間: 2026-06-19 09:56:24.103
2026-06-19 09:56:24,104 [INFO] 端點: /awd/rms/set_mission_result
2026-06-19 09:56:24,104 [INFO] 方法: POST
2026-06-19 09:56:24,105 [INFO] Body 內容:
{"protocol_version": "2.0", "sequence": "M002", "timestamp": "2026-06-19 09:56:23.915", "priority": "128", "amr": "r16s01", "space": "A-01-2", "action": "start", "result": "OK", "reason": "NA"}
2026-06-19 09:56:24,105 [INFO] ==================================
2026-06-19 09:56:24,106 [INFO] 已回覆響應 [200]:
{
  "status": "success",
  "message": "成功收到步驟 start 的結果"
}
2026-06-19 09:56:24,106 [INFO] 
[等待延遲] 依設定於發送 ACK 前，先等待 10.0 秒...
2026-06-19 09:56:34,008 [INFO] 
======== 接收到 POST 請求 ========
2026-06-19 09:56:34,008 [INFO] 時間: 2026-06-19 09:56:34.008
2026-06-19 09:56:34,009 [INFO] 端點: /awd/rms/set_mission_result
2026-06-19 09:56:34,009 [INFO] 方法: POST
2026-06-19 09:56:34,009 [INFO] Body 內容:
{"protocol_version": "2.0", "sequence": "M002", "timestamp": "2026-06-19 09:56:23.915", "priority": "128", "amr": "r16s01", "space": "A-01-2", "action": "start", "result": "OK", "reason": "NA"}
2026-06-19 09:56:34,010 [INFO] ==================================
2026-06-19 09:56:34,010 [INFO] 已回覆響應 [200]:
{
  "status": "success",
  "message": "成功收到步驟 start 的結果"
}
2026-06-19 09:56:34,011 [INFO] 
[等待延遲] 依設定於發送 ACK 前，先等待 10.0 秒...
2026-06-19 09:56:34,108 [INFO] 
[發送確認] 非同步發送 ACK (action='start') 給 RMS...
2026-06-19 09:56:34,216 [INFO] HTTP POST 成功 -> http://192.168.168.63:31111/awd/rms/set_mission_ack
回應狀態: 200
回應內容:
{"message":"OK"}

2026-06-19 09:56:44,011 [INFO] 
[發送確認] 非同步發送 ACK (action='start') 給 RMS...
2026-06-19 09:56:44,305 [INFO] HTTP POST 成功 -> http://192.168.168.63:31111/awd/rms/set_mission_ack
回應狀態: 200
回應內容:
{"message":"OK"}

2026-06-19 09:57:11,582 [INFO] 
======== 接收到 POST 請求 ========
2026-06-19 09:57:11,583 [INFO] 時間: 2026-06-19 09:57:11.582
2026-06-19 09:57:11,583 [INFO] 端點: /awd/rms/set_mission_result
2026-06-19 09:57:11,583 [INFO] 方法: POST
2026-06-19 09:57:11,583 [INFO] Body 內容:
{"protocol_version": "2.0", "sequence": "M002", "timestamp": "2026-06-19 09:57:11.512", "priority": "128", "amr": "r16s01", "space": "A-01-2", "action": "load", "result": "OK", "reason": "NA"}
2026-06-19 09:57:11,584 [INFO] ==================================
2026-06-19 09:57:11,584 [INFO] 已回覆響應 [200]:
{
  "status": "success",
  "message": "成功收到步驟 load 的結果"
}
2026-06-19 09:57:11,585 [INFO] 
[等待延遲] 依設定於發送 ACK 前，先等待 10.0 秒...
2026-06-19 09:57:21,586 [INFO] 
[發送確認] 非同步發送 ACK (action='load') 給 RMS...
2026-06-19 09:57:22,008 [INFO] HTTP POST 成功 -> http://192.168.168.63:31111/awd/rms/set_mission_ack
回應狀態: 200
回應內容:
{"message":"OK"}

2026-06-19 09:57:22,257 [INFO] 
======== 接收到 POST 請求 ========
2026-06-19 09:57:22,258 [INFO] 時間: 2026-06-19 09:57:22.257
2026-06-19 09:57:22,258 [INFO] 端點: /awd/rms/set_mission_result
2026-06-19 09:57:22,258 [INFO] 方法: POST
2026-06-19 09:57:22,258 [INFO] Body 內容:
{"protocol_version": "2.0", "sequence": "M002", "timestamp": "2026-06-19 09:57:11.512", "priority": "128", "amr": "r16s01", "space": "A-01-2", "action": "load", "result": "OK", "reason": "NA"}
2026-06-19 09:57:22,258 [INFO] ==================================
2026-06-19 09:57:22,259 [INFO] 已回覆響應 [200]:
{
  "status": "success",
  "message": "成功收到步驟 load 的結果"
}
2026-06-19 09:57:22,259 [INFO] 
[等待延遲] 依設定於發送 ACK 前，先等待 10.0 秒...
2026-06-19 09:57:32,260 [INFO] 
[發送確認] 非同步發送 ACK (action='load') 給 RMS...
2026-06-19 09:57:32,464 [INFO] HTTP POST 成功 -> http://192.168.168.63:31111/awd/rms/set_mission_ack
回應狀態: 200
回應內容:
{"message":"OK"}

2026-06-19 09:57:50,519 [INFO] 
======== 接收到 POST 請求 ========
2026-06-19 09:57:50,520 [INFO] 時間: 2026-06-19 09:57:50.519
2026-06-19 09:57:50,520 [INFO] 端點: /awd/rms/set_mission_result
2026-06-19 09:57:50,521 [INFO] 方法: POST
2026-06-19 09:57:50,521 [INFO] Body 內容:
{"protocol_version": "2.0", "sequence": "M002", "timestamp": "2026-06-19 09:57:50.094", "priority": "128", "amr": "r16s01", "space": "L-01-0", "action": "unload", "result": "OK", "reason": "NA"}
2026-06-19 09:57:50,521 [INFO] ==================================
2026-06-19 09:57:50,521 [INFO] 已回覆響應 [200]:
{
  "status": "success",
  "message": "成功收到步驟 unload 的結果"
}
2026-06-19 09:57:50,522 [INFO] 
[等待延遲] 依設定於發送 ACK 前，先等待 10.0 秒...
2026-06-19 09:58:00,227 [INFO] 
======== 接收到 POST 請求 ========
2026-06-19 09:58:00,228 [INFO] 時間: 2026-06-19 09:58:00.227
2026-06-19 09:58:00,228 [INFO] 端點: /awd/rms/set_mission_result
2026-06-19 09:58:00,228 [INFO] 方法: POST
2026-06-19 09:58:00,228 [INFO] Body 內容:
{"protocol_version": "2.0", "sequence": "M002", "timestamp": "2026-06-19 09:57:50.094", "priority": "128", "amr": "r16s01", "space": "L-01-0", "action": "unload", "result": "OK", "reason": "NA"}
2026-06-19 09:58:00,228 [INFO] ==================================
2026-06-19 09:58:00,230 [INFO] 已回覆響應 [200]:
{
  "status": "success",
  "message": "成功收到步驟 unload 的結果"
}
2026-06-19 09:58:00,231 [INFO] 
[等待延遲] 依設定於發送 ACK 前，先等待 10.0 秒...
2026-06-19 09:58:00,523 [INFO] 
[發送確認] 非同步發送 ACK (action='unload') 給 RMS...
2026-06-19 09:58:00,829 [INFO] HTTP POST 成功 -> http://192.168.168.63:31111/awd/rms/set_mission_ack
回應狀態: 200
回應內容:
{"message":"OK"}

2026-06-19 09:58:10,232 [INFO] 
[發送確認] 非同步發送 ACK (action='unload') 給 RMS...
2026-06-19 09:58:10,456 [INFO] HTTP POST 成功 -> http://192.168.168.63:31111/awd/rms/set_mission_ack
回應狀態: 200
回應內容:
{"message":"OK"}

2026-06-19 09:58:38,460 [INFO] 
======== 接收到 POST 請求 ========
2026-06-19 09:58:38,460 [INFO] 時間: 2026-06-19 09:58:38.460
2026-06-19 09:58:38,460 [INFO] 端點: /awd/rms/set_mission_result
2026-06-19 09:58:38,460 [INFO] 方法: POST
2026-06-19 09:58:38,461 [INFO] Body 內容:
{"protocol_version": "2.0", "sequence": "M002", "timestamp": "2026-06-19 09:58:38.399", "priority": "128", "amr": "r16s01", "space": "GL-02-0", "action": "load", "result": "OK", "reason": "NA"}
2026-06-19 09:58:38,462 [INFO] ==================================
2026-06-19 09:58:38,463 [INFO] 已回覆響應 [200]:
{
  "status": "success",
  "message": "成功收到步驟 load 的結果"
}
2026-06-19 09:58:38,463 [INFO] 
[等待延遲] 依設定於發送 ACK 前，先等待 10.0 秒...
2026-06-19 09:58:45,947 [INFO] 
======== 接收到 POST 請求 ========
2026-06-19 09:58:45,947 [INFO] 時間: 2026-06-19 09:58:45.947
2026-06-19 09:58:45,947 [INFO] 端點: /awd/rms/set_mission_result
2026-06-19 09:58:45,948 [INFO] 方法: POST
2026-06-19 09:58:45,948 [INFO] Body 內容:
{"protocol_version": "2.0", "sequence": "M002", "timestamp": "2026-06-19 09:58:45.840", "priority": "128", "amr": "r16s01", "space": "GL-02-0", "action": "unload", "result": "OK", "reason": "NA"}
2026-06-19 09:58:45,948 [INFO] ==================================
2026-06-19 09:58:45,949 [INFO] 已回覆響應 [200]:
{
  "status": "success",
  "message": "成功收到步驟 unload 的結果"
}
2026-06-19 09:58:45,950 [INFO] 
[等待延遲] 依設定於發送 ACK 前，先等待 10.0 秒...
2026-06-19 09:58:47,574 [INFO] 
======== 接收到 POST 請求 ========
2026-06-19 09:58:47,574 [INFO] 時間: 2026-06-19 09:58:47.574
2026-06-19 09:58:47,575 [INFO] 端點: /awd/rms/heartbeat
2026-06-19 09:58:47,575 [INFO] 方法: POST
2026-06-19 09:58:47,575 [INFO] Body 內容:
{"protocol_version": "1.0", "sequence": "000010", "timestamp": "2026-06-19 09:58:47.416", "priority": "128", "device": "RMS1.0"}
2026-06-19 09:58:47,575 [INFO] ==================================
2026-06-19 09:58:47,577 [INFO] 已回覆響應 [404]:
{
  "status": "error",
  "message": "找不到此端點"
}
2026-06-19 09:58:48,464 [INFO] 
[發送確認] 非同步發送 ACK (action='load') 給 RMS...
2026-06-19 09:58:48,650 [INFO] HTTP POST 成功 -> http://192.168.168.63:31111/awd/rms/set_mission_ack
回應狀態: 200
回應內容:
{"message":"OK"}

2026-06-19 09:58:49,206 [INFO] 
======== 接收到 POST 請求 ========
2026-06-19 09:58:49,207 [INFO] 時間: 2026-06-19 09:58:49.206
2026-06-19 09:58:49,207 [INFO] 端點: /awd/rms/set_mission_result
2026-06-19 09:58:49,207 [INFO] 方法: POST
2026-06-19 09:58:49,207 [INFO] Body 內容:
{"protocol_version": "2.0", "sequence": "M002", "timestamp": "2026-06-19 09:58:48.925", "priority": "128", "amr": "r16s01", "space": "GL-02-0", "action": "end", "result": "OK", "reason": "NA"}
2026-06-19 09:58:49,208 [INFO] ==================================
2026-06-19 09:58:49,208 [INFO] 已回覆響應 [200]:
{
  "status": "success",
  "message": "成功收到步驟 end 的結果"
}
2026-06-19 09:58:49,209 [INFO] 
[等待延遲] 依設定於發送 ACK 前，先等待 10.0 秒...
2026-06-19 09:58:55,951 [INFO] 
[發送確認] 非同步發送 ACK (action='unload') 給 RMS...
2026-06-19 09:58:56,011 [INFO] HTTP POST 成功 -> http://192.168.168.63:31111/awd/rms/set_mission_ack
回應狀態: 200
回應內容:
{"message":"OK"}

2026-06-19 09:58:59,210 [INFO] 
[發送確認] 非同步發送 ACK (action='end') 給 RMS...
2026-06-19 09:58:59,318 [INFO] HTTP POST 成功 -> http://192.168.168.63:31111/awd/rms/set_mission_ack
回應狀態: 200
回應內容:
{"message":"OK"}

2026-06-19 10:01:52,269 [INFO] WCS 模擬器正在關閉...
2026-06-20 10:08:26,772 [INFO] WCS 模擬伺服器已啟動，監聽 Port: 31112 ...
2026-06-20 10:08:27,443 [INFO] 
======== 接收到 POST 請求 ========
2026-06-20 10:08:27,444 [INFO] 時間: 2026-06-20 10:08:27.443
2026-06-20 10:08:27,445 [INFO] 端點: /awd/rms/online
2026-06-20 10:08:27,445 [INFO] 方法: POST
2026-06-20 10:08:27,446 [INFO] Body 內容:
{"protocol_version": "1.0", "sequence": "000002", "timestamp": "2026-06-19 20:25:52.591", "priority": "128", "device": "RMS1.0", "status": "local"}
2026-06-20 10:08:27,446 [INFO] ==================================
2026-06-20 10:08:27,446 [INFO] 已回覆響應 [404]:
{
  "status": "error",
  "message": "找不到此端點"
}
2026-06-20 10:08:27,759 [INFO] 
======== 接收到 POST 請求 ========
2026-06-20 10:08:27,760 [INFO] 時間: 2026-06-20 10:08:27.759
2026-06-20 10:08:27,760 [INFO] 端點: /awd/rms/heartbeat
2026-06-20 10:08:27,760 [INFO] 方法: POST
2026-06-20 10:08:27,761 [INFO] Body 內容:
{"protocol_version": "1.0", "sequence": "000001", "timestamp": "2026-06-19 20:25:52.591", "priority": "128", "device": "RMS1.0"}
2026-06-20 10:08:27,762 [INFO] ==================================
2026-06-20 10:08:27,762 [INFO] 已回覆響應 [404]:
{
  "status": "error",
  "message": "找不到此端點"
}
2026-06-20 10:08:27,931 [INFO] 
======== 接收到 POST 請求 ========
2026-06-20 10:08:27,931 [INFO] 時間: 2026-06-20 10:08:27.930
2026-06-20 10:08:27,931 [INFO] 端點: /awd/rms/online
2026-06-20 10:08:27,932 [INFO] 方法: POST
2026-06-20 10:08:27,933 [INFO] Body 內容:
{"protocol_version": "1.0", "sequence": "000003", "timestamp": "2026-06-19 20:26:02.700", "priority": "128", "device": "RMS1.0", "status": "remote"}
2026-06-20 10:08:27,933 [INFO] ==================================
2026-06-20 10:08:27,934 [INFO] 已回覆響應 [404]:
{
  "status": "error",
  "message": "找不到此端點"
}
2026-06-20 10:08:28,174 [INFO] 
======== 接收到 POST 請求 ========
2026-06-20 10:08:28,175 [INFO] 時間: 2026-06-20 10:08:28.174
2026-06-20 10:08:28,176 [INFO] 端點: /awd/rms/component_fault_alert
2026-06-20 10:08:28,177 [INFO] 方法: POST
2026-06-20 10:08:28,177 [INFO] Body 內容:
{"protocol_version": "1.0", "sequence": "c00004", "timestamp": "2026-06-19 20:26:22.883", "priority": "128", "device": "r16s01", "position": "-1.7,-1.0,0.0", "event": "NG-to-OK", "component": "RESTART", "mission_sequence": "none", "alert_code": "n070001", "reason": "\u8eca\u8f1b\u5fa9\u6b78\u3002"}
2026-06-20 10:08:28,180 [INFO] ==================================
2026-06-20 10:08:28,181 [INFO] 已回覆響應 [404]:
{
  "status": "error",
  "message": "找不到此端點"
}
2026-06-20 10:08:28,593 [INFO] 
======== 接收到 POST 請求 ========
2026-06-20 10:08:28,593 [INFO] 時間: 2026-06-20 10:08:28.593
2026-06-20 10:08:28,594 [INFO] 端點: /awd/rms/heartbeat
2026-06-20 10:08:28,595 [INFO] 方法: POST
2026-06-20 10:08:28,595 [INFO] Body 內容:
{"protocol_version": "1.0", "sequence": "000005", "timestamp": "2026-06-19 20:30:55.507", "priority": "128", "device": "RMS1.0"}
2026-06-20 10:08:28,595 [INFO] ==================================
2026-06-20 10:08:28,596 [INFO] 已回覆響應 [404]:
{
  "status": "error",
  "message": "找不到此端點"
}
2026-06-20 10:08:28,747 [INFO] 
======== 接收到 POST 請求 ========
2026-06-20 10:08:28,747 [INFO] 時間: 2026-06-20 10:08:28.746
2026-06-20 10:08:28,747 [INFO] 端點: /awd/rms/heartbeat
2026-06-20 10:08:28,748 [INFO] 方法: POST
2026-06-20 10:08:28,748 [INFO] Body 內容:
{"protocol_version": "1.0", "sequence": "000006", "timestamp": "2026-06-19 20:35:58.819", "priority": "128", "device": "RMS1.0"}
2026-06-20 10:08:28,748 [INFO] ==================================
2026-06-20 10:08:28,748 [INFO] 已回覆響應 [404]:
{
  "status": "error",
  "message": "找不到此端點"
}
2026-06-20 10:08:28,820 [INFO] 
======== 接收到 POST 請求 ========
2026-06-20 10:08:28,821 [INFO] 時間: 2026-06-20 10:08:28.820
2026-06-20 10:08:28,821 [INFO] 端點: /awd/rms/heartbeat
2026-06-20 10:08:28,822 [INFO] 方法: POST
2026-06-20 10:08:28,823 [INFO] Body 內容:
{"protocol_version": "1.0", "sequence": "000007", "timestamp": "2026-06-19 20:41:02.455", "priority": "128", "device": "RMS1.0"}
2026-06-20 10:08:28,823 [INFO] ==================================
2026-06-20 10:08:28,824 [INFO] 已回覆響應 [404]:
{
  "status": "error",
  "message": "找不到此端點"
}
2026-06-20 10:08:28,846 [INFO] 
======== 接收到 POST 請求 ========
2026-06-20 10:08:28,846 [INFO] 時間: 2026-06-20 10:08:28.846
2026-06-20 10:08:28,852 [INFO] 端點: /awd/rms/heartbeat
2026-06-20 10:08:28,853 [INFO] 方法: POST
2026-06-20 10:08:28,854 [INFO] Body 內容:
{"protocol_version": "1.0", "sequence": "000008", "timestamp": "2026-06-19 20:46:05.780", "priority": "128", "device": "RMS1.0"}
2026-06-20 10:08:28,855 [INFO] ==================================
2026-06-20 10:08:28,855 [INFO] 已回覆響應 [404]:
{
  "status": "error",
  "message": "找不到此端點"
}
2026-06-20 10:08:28,876 [INFO] 
======== 接收到 POST 請求 ========
2026-06-20 10:08:28,876 [INFO] 時間: 2026-06-20 10:08:28.876
2026-06-20 10:08:28,876 [INFO] 端點: /awd/rms/heartbeat
2026-06-20 10:08:28,876 [INFO] 方法: POST
2026-06-20 10:08:28,876 [INFO] Body 內容:
{"protocol_version": "1.0", "sequence": "000009", "timestamp": "2026-06-19 20:51:08.923", "priority": "128", "device": "RMS1.0"}
2026-06-20 10:08:28,876 [INFO] ==================================
2026-06-20 10:08:28,878 [INFO] 已回覆響應 [404]:
{
  "status": "error",
  "message": "找不到此端點"
}
2026-06-20 10:08:28,945 [INFO] 
======== 接收到 POST 請求 ========
2026-06-20 10:08:28,945 [INFO] 時間: 2026-06-20 10:08:28.945
2026-06-20 10:08:28,945 [INFO] 端點: /awd/rms/heartbeat
2026-06-20 10:08:28,945 [INFO] 方法: POST
2026-06-20 10:08:28,946 [INFO] Body 內容:
{"protocol_version": "1.0", "sequence": "000010", "timestamp": "2026-06-19 20:56:12.179", "priority": "128", "device": "RMS1.0"}
2026-06-20 10:08:28,946 [INFO] ==================================
2026-06-20 10:08:28,946 [INFO] 已回覆響應 [404]:
{
  "status": "error",
  "message": "找不到此端點"
}
2026-06-20 10:08:29,220 [INFO] 
======== 接收到 POST 請求 ========
2026-06-20 10:08:29,221 [INFO] 時間: 2026-06-20 10:08:29.220
2026-06-20 10:08:29,221 [INFO] 端點: /awd/rms/heartbeat
2026-06-20 10:08:29,221 [INFO] 方法: POST
2026-06-20 10:08:29,222 [INFO] Body 內容:
{"protocol_version": "1.0", "sequence": "000011", "timestamp": "2026-06-19 21:01:15.785", "priority": "128", "device": "RMS1.0"}
2026-06-20 10:08:29,222 [INFO] ==================================
2026-06-20 10:08:29,222 [INFO] 已回覆響應 [404]:
{
  "status": "error",
  "message": "找不到此端點"
}
2026-06-20 10:08:29,621 [INFO] 
======== 接收到 POST 請求 ========
2026-06-20 10:08:29,622 [INFO] 時間: 2026-06-20 10:08:29.621
2026-06-20 10:08:29,623 [INFO] 端點: /awd/rms/heartbeat
2026-06-20 10:08:29,624 [INFO] 方法: POST
2026-06-20 10:08:29,624 [INFO] Body 內容:
{"protocol_version": "1.0", "sequence": "000012", "timestamp": "2026-06-19 21:06:19.501", "priority": "128", "device": "RMS1.0"}
2026-06-20 10:08:29,624 [INFO] ==================================
2026-06-20 10:08:29,626 [INFO] 已回覆響應 [404]:
{
  "status": "error",
  "message": "找不到此端點"
}
2026-06-20 10:08:29,737 [INFO] 
======== 接收到 POST 請求 ========
2026-06-20 10:08:29,738 [INFO] 時間: 2026-06-20 10:08:29.736
2026-06-20 10:08:29,738 [INFO] 端點: /awd/rms/heartbeat
2026-06-20 10:08:29,738 [INFO] 方法: POST
2026-06-20 10:08:29,740 [INFO] Body 內容:
{"protocol_version": "1.0", "sequence": "000013", "timestamp": "2026-06-19 21:11:23.232", "priority": "128", "device": "RMS1.0"}
2026-06-20 10:08:29,740 [INFO] ==================================
2026-06-20 10:08:29,740 [INFO] 已回覆響應 [404]:
{
  "status": "error",
  "message": "找不到此端點"
}
2026-06-20 10:08:30,098 [INFO] 
======== 接收到 POST 請求 ========
2026-06-20 10:08:30,099 [INFO] 時間: 2026-06-20 10:08:30.098
2026-06-20 10:08:30,099 [INFO] 端點: /awd/rms/heartbeat
2026-06-20 10:08:30,100 [INFO] 方法: POST
2026-06-20 10:08:30,100 [INFO] Body 內容:
{"protocol_version": "1.0", "sequence": "000014", "timestamp": "2026-06-19 21:16:27.281", "priority": "128", "device": "RMS1.0"}
2026-06-20 10:08:30,100 [INFO] ==================================
2026-06-20 10:08:30,101 [INFO] 已回覆響應 [404]:
{
  "status": "error",
  "message": "找不到此端點"
}
2026-06-20 10:08:30,218 [INFO] 
======== 接收到 POST 請求 ========
2026-06-20 10:08:30,222 [INFO] 時間: 2026-06-20 10:08:30.218
2026-06-20 10:08:30,225 [INFO] 端點: /awd/rms/heartbeat
2026-06-20 10:08:30,228 [INFO] 方法: POST
2026-06-20 10:08:30,228 [INFO] Body 內容:
{"protocol_version": "1.0", "sequence": "000015", "timestamp": "2026-06-19 21:21:31.395", "priority": "128", "device": "RMS1.0"}
2026-06-20 10:08:30,228 [INFO] ==================================
2026-06-20 10:08:30,228 [INFO] 已回覆響應 [404]:
{
  "status": "error",
  "message": "找不到此端點"
}
2026-06-20 10:08:30,711 [INFO] 
======== 接收到 POST 請求 ========
2026-06-20 10:08:30,711 [INFO] 時間: 2026-06-20 10:08:30.710
2026-06-20 10:08:30,713 [INFO] 端點: /awd/rms/heartbeat
2026-06-20 10:08:30,713 [INFO] 方法: POST
2026-06-20 10:08:30,713 [INFO] Body 內容:
{"protocol_version": "1.0", "sequence": "000016", "timestamp": "2026-06-19 21:26:35.142", "priority": "128", "device": "RMS1.0"}
2026-06-20 10:08:30,713 [INFO] ==================================
2026-06-20 10:08:30,715 [INFO] 已回覆響應 [404]:
{
  "status": "error",
  "message": "找不到此端點"
}
2026-06-20 10:08:30,886 [INFO] 
======== 接收到 POST 請求 ========
2026-06-20 10:08:30,886 [INFO] 時間: 2026-06-20 10:08:30.885
2026-06-20 10:08:30,887 [INFO] 端點: /awd/rms/heartbeat
2026-06-20 10:08:30,887 [INFO] 方法: POST
2026-06-20 10:08:30,887 [INFO] Body 內容:
{"protocol_version": "1.0", "sequence": "000017", "timestamp": "2026-06-19 21:31:39.137", "priority": "128", "device": "RMS1.0"}
2026-06-20 10:08:30,888 [INFO] ==================================
2026-06-20 10:08:30,888 [INFO] 已回覆響應 [404]:
{
  "status": "error",
  "message": "找不到此端點"
}
2026-06-20 10:08:31,490 [INFO] 
======== 接收到 POST 請求 ========
2026-06-20 10:08:31,491 [INFO] 時間: 2026-06-20 10:08:31.489
2026-06-20 10:08:31,492 [INFO] 端點: /awd/rms/heartbeat
2026-06-20 10:08:31,492 [INFO] 方法: POST
2026-06-20 10:08:31,493 [INFO] Body 內容:
{"protocol_version": "1.0", "sequence": "000018", "timestamp": "2026-06-19 21:36:43.041", "priority": "128", "device": "RMS1.0"}
2026-06-20 10:08:31,494 [INFO] ==================================
2026-06-20 10:08:31,494 [INFO] 已回覆響應 [404]:
{
  "status": "error",
  "message": "找不到此端點"
}
2026-06-20 10:08:31,700 [INFO] 
======== 接收到 POST 請求 ========
2026-06-20 10:08:31,701 [INFO] 時間: 2026-06-20 10:08:31.700
2026-06-20 10:08:31,701 [INFO] 端點: /awd/rms/heartbeat
2026-06-20 10:08:31,702 [INFO] 方法: POST
2026-06-20 10:08:31,702 [INFO] Body 內容:
{"protocol_version": "1.0", "sequence": "000019", "timestamp": "2026-06-19 21:41:47.593", "priority": "128", "device": "RMS1.0"}
2026-06-20 10:08:31,702 [INFO] ==================================
2026-06-20 10:08:31,703 [INFO] 已回覆響應 [404]:
{
  "status": "error",
  "message": "找不到此端點"
}
2026-06-20 10:08:31,814 [INFO] 
======== 接收到 POST 請求 ========
2026-06-20 10:08:31,815 [INFO] 時間: 2026-06-20 10:08:31.814
2026-06-20 10:08:31,815 [INFO] 端點: /awd/rms/heartbeat
2026-06-20 10:08:31,815 [INFO] 方法: POST
2026-06-20 10:08:31,815 [INFO] Body 內容:
{"protocol_version": "1.0", "sequence": "000020", "timestamp": "2026-06-19 21:46:51.594", "priority": "128", "device": "RMS1.0"}
2026-06-20 10:08:31,815 [INFO] ==================================
2026-06-20 10:08:31,817 [INFO] 已回覆響應 [404]:
{
  "status": "error",
  "message": "找不到此端點"
}
2026-06-20 10:08:31,925 [INFO] 
======== 接收到 POST 請求 ========
2026-06-20 10:08:31,927 [INFO] 時間: 2026-06-20 10:08:31.925
2026-06-20 10:08:31,928 [INFO] 端點: /awd/rms/heartbeat
2026-06-20 10:08:31,928 [INFO] 方法: POST
2026-06-20 10:08:31,928 [INFO] Body 內容:
{"protocol_version": "1.0", "sequence": "000021", "timestamp": "2026-06-19 21:51:55.899", "priority": "128", "device": "RMS1.0"}
2026-06-20 10:08:31,929 [INFO] ==================================
2026-06-20 10:08:31,929 [INFO] 已回覆響應 [404]:
{
  "status": "error",
  "message": "找不到此端點"
}
2026-06-20 10:08:32,472 [INFO] 
======== 接收到 POST 請求 ========
2026-06-20 10:08:32,474 [INFO] 時間: 2026-06-20 10:08:32.472
2026-06-20 10:08:32,474 [INFO] 端點: /awd/rms/heartbeat
2026-06-20 10:08:32,474 [INFO] 方法: POST
2026-06-20 10:08:32,474 [INFO] Body 內容:
{"protocol_version": "1.0", "sequence": "000022", "timestamp": "2026-06-19 21:56:59.128", "priority": "128", "device": "RMS1.0"}
2026-06-20 10:08:32,475 [INFO] ==================================
2026-06-20 10:08:32,477 [INFO] 已回覆響應 [404]:
{
  "status": "error",
  "message": "找不到此端點"
}
2026-06-20 10:08:32,583 [INFO] 
======== 接收到 POST 請求 ========
2026-06-20 10:08:32,585 [INFO] 時間: 2026-06-20 10:08:32.583
2026-06-20 10:08:32,586 [INFO] 端點: /awd/rms/heartbeat
2026-06-20 10:08:32,586 [INFO] 方法: POST
2026-06-20 10:08:32,586 [INFO] Body 內容:
{"protocol_version": "1.0", "sequence": "000023", "timestamp": "2026-06-19 22:02:04.420", "priority": "128", "device": "RMS1.0"}
2026-06-20 10:08:32,587 [INFO] ==================================
2026-06-20 10:08:32,588 [INFO] 已回覆響應 [404]:
{
  "status": "error",
  "message": "找不到此端點"
}
2026-06-20 10:08:32,692 [INFO] 
======== 接收到 POST 請求 ========
2026-06-20 10:08:32,693 [INFO] 時間: 2026-06-20 10:08:32.692
2026-06-20 10:08:32,694 [INFO] 端點: /awd/rms/heartbeat
2026-06-20 10:08:32,694 [INFO] 方法: POST
2026-06-20 10:08:32,694 [INFO] Body 內容:
{"protocol_version": "1.0", "sequence": "000024", "timestamp": "2026-06-19 22:07:07.860", "priority": "128", "device": "RMS1.0"}
2026-06-20 10:08:32,695 [INFO] ==================================
2026-06-20 10:08:32,695 [INFO] 已回覆響應 [404]:
{
  "status": "error",
  "message": "找不到此端點"
}
2026-06-20 10:08:32,801 [INFO] 
======== 接收到 POST 請求 ========
2026-06-20 10:08:32,802 [INFO] 時間: 2026-06-20 10:08:32.800
2026-06-20 10:08:32,802 [INFO] 端點: /awd/rms/heartbeat
2026-06-20 10:08:32,803 [INFO] 方法: POST
2026-06-20 10:08:32,803 [INFO] Body 內容:
{"protocol_version": "1.0", "sequence": "000025", "timestamp": "2026-06-19 22:12:12.039", "priority": "128", "device": "RMS1.0"}
2026-06-20 10:08:32,804 [INFO] ==================================
2026-06-20 10:08:32,804 [INFO] 已回覆響應 [404]:
{
  "status": "error",
  "message": "找不到此端點"
}
2026-06-20 10:08:32,881 [INFO] 
======== 接收到 POST 請求 ========
2026-06-20 10:08:32,881 [INFO] 時間: 2026-06-20 10:08:32.881
2026-06-20 10:08:32,881 [INFO] 端點: /awd/rms/heartbeat
2026-06-20 10:08:32,881 [INFO] 方法: POST
2026-06-20 10:08:32,881 [INFO] Body 內容:
{"protocol_version": "1.0", "sequence": "000026", "timestamp": "2026-06-19 22:17:14.275", "priority": "128", "device": "RMS1.0"}
2026-06-20 10:08:32,881 [INFO] ==================================
2026-06-20 10:08:32,881 [INFO] 已回覆響應 [404]:
{
  "status": "error",
  "message": "找不到此端點"
}
2026-06-20 10:08:33,020 [INFO] 
======== 接收到 POST 請求 ========
2026-06-20 10:08:33,021 [INFO] 時間: 2026-06-20 10:08:33.020
2026-06-20 10:08:33,021 [INFO] 端點: /awd/rms/heartbeat
2026-06-20 10:08:33,022 [INFO] 方法: POST
2026-06-20 10:08:33,022 [INFO] Body 內容:
{"protocol_version": "1.0", "sequence": "000027", "timestamp": "2026-06-19 22:22:16.092", "priority": "128", "device": "RMS1.0"}
2026-06-20 10:08:33,022 [INFO] ==================================
2026-06-20 10:08:33,023 [INFO] 已回覆響應 [404]:
{
  "status": "error",
  "message": "找不到此端點"
}
2026-06-20 10:08:33,489 [INFO] 
======== 接收到 POST 請求 ========
2026-06-20 10:08:33,490 [INFO] 時間: 2026-06-20 10:08:33.489
2026-06-20 10:08:33,490 [INFO] 端點: /awd/rms/heartbeat
2026-06-20 10:08:33,491 [INFO] 方法: POST
2026-06-20 10:08:33,491 [INFO] Body 內容:
{"protocol_version": "1.0", "sequence": "000028", "timestamp": "2026-06-19 22:27:18.225", "priority": "128", "device": "RMS1.0"}
2026-06-20 10:08:33,492 [INFO] ==================================
2026-06-20 10:08:33,492 [INFO] 已回覆響應 [404]:
{
  "status": "error",
  "message": "找不到此端點"
}
2026-06-20 10:08:33,680 [INFO] 
======== 接收到 POST 請求 ========
2026-06-20 10:08:33,680 [INFO] 時間: 2026-06-20 10:08:33.679
2026-06-20 10:08:33,681 [INFO] 端點: /awd/rms/heartbeat
2026-06-20 10:08:33,681 [INFO] 方法: POST
2026-06-20 10:08:33,683 [INFO] Body 內容:
{"protocol_version": "1.0", "sequence": "000029", "timestamp": "2026-06-19 22:32:20.032", "priority": "128", "device": "RMS1.0"}
2026-06-20 10:08:33,684 [INFO] ==================================
2026-06-20 10:08:33,684 [INFO] 已回覆響應 [404]:
{
  "status": "error",
  "message": "找不到此端點"
}
2026-06-20 10:08:33,781 [INFO] 
======== 接收到 POST 請求 ========
2026-06-20 10:08:33,782 [INFO] 時間: 2026-06-20 10:08:33.781
2026-06-20 10:08:33,782 [INFO] 端點: /awd/rms/heartbeat
2026-06-20 10:08:33,783 [INFO] 方法: POST
2026-06-20 10:08:33,783 [INFO] Body 內容:
{"protocol_version": "1.0", "sequence": "000030", "timestamp": "2026-06-19 22:37:22.387", "priority": "128", "device": "RMS1.0"}
2026-06-20 10:08:33,783 [INFO] ==================================
2026-06-20 10:08:33,783 [INFO] 已回覆響應 [404]:
{
  "status": "error",
  "message": "找不到此端點"
}
2026-06-20 10:08:33,852 [INFO] 
======== 接收到 POST 請求 ========
2026-06-20 10:08:33,853 [INFO] 時間: 2026-06-20 10:08:33.852
2026-06-20 10:08:33,853 [INFO] 端點: /awd/rms/heartbeat
2026-06-20 10:08:33,854 [INFO] 方法: POST
2026-06-20 10:08:33,854 [INFO] Body 內容:
{"protocol_version": "1.0", "sequence": "000031", "timestamp": "2026-06-19 22:42:24.650", "priority": "128", "device": "RMS1.0"}
2026-06-20 10:08:33,855 [INFO] ==================================
2026-06-20 10:08:33,856 [INFO] 已回覆響應 [404]:
{
  "status": "error",
  "message": "找不到此端點"
}
2026-06-20 10:08:33,883 [INFO] 
======== 接收到 POST 請求 ========
2026-06-20 10:08:33,883 [INFO] 時間: 2026-06-20 10:08:33.883
2026-06-20 10:08:33,884 [INFO] 端點: /awd/rms/heartbeat
2026-06-20 10:08:33,884 [INFO] 方法: POST
2026-06-20 10:08:33,884 [INFO] Body 內容:
{"protocol_version": "1.0", "sequence": "000032", "timestamp": "2026-06-19 22:47:26.562", "priority": "128", "device": "RMS1.0"}
2026-06-20 10:08:33,885 [INFO] ==================================
2026-06-20 10:08:33,886 [INFO] 已回覆響應 [404]:
{
  "status": "error",
  "message": "找不到此端點"
}
2026-06-20 10:08:33,912 [INFO] 
======== 接收到 POST 請求 ========
2026-06-20 10:08:33,914 [INFO] 時間: 2026-06-20 10:08:33.912
2026-06-20 10:08:33,914 [INFO] 端點: /awd/rms/heartbeat
2026-06-20 10:08:33,914 [INFO] 方法: POST
2026-06-20 10:08:33,916 [INFO] Body 內容:
{"protocol_version": "1.0", "sequence": "000033", "timestamp": "2026-06-19 22:52:29.489", "priority": "128", "device": "RMS1.0"}
2026-06-20 10:08:33,917 [INFO] ==================================
2026-06-20 10:08:33,918 [INFO] 已回覆響應 [404]:
{
  "status": "error",
  "message": "找不到此端點"
}
2026-06-20 10:08:33,938 [INFO] 
======== 接收到 POST 請求 ========
2026-06-20 10:08:33,938 [INFO] 時間: 2026-06-20 10:08:33.938
2026-06-20 10:08:33,938 [INFO] 端點: /awd/rms/heartbeat
2026-06-20 10:08:33,939 [INFO] 方法: POST
2026-06-20 10:08:33,940 [INFO] Body 內容:
{"protocol_version": "1.0", "sequence": "000034", "timestamp": "2026-06-19 22:57:31.567", "priority": "128", "device": "RMS1.0"}
2026-06-20 10:08:33,940 [INFO] ==================================
2026-06-20 10:08:33,940 [INFO] 已回覆響應 [404]:
{
  "status": "error",
  "message": "找不到此端點"
}
2026-06-20 10:08:33,964 [INFO] 
======== 接收到 POST 請求 ========
2026-06-20 10:08:33,964 [INFO] 時間: 2026-06-20 10:08:33.963
2026-06-20 10:08:33,964 [INFO] 端點: /awd/rms/heartbeat
2026-06-20 10:08:33,964 [INFO] 方法: POST
2026-06-20 10:08:33,964 [INFO] Body 內容:
{"protocol_version": "1.0", "sequence": "000035", "timestamp": "2026-06-19 23:02:33.524", "priority": "128", "device": "RMS1.0"}
2026-06-20 10:08:33,965 [INFO] ==================================
2026-06-20 10:08:33,965 [INFO] 已回覆響應 [404]:
{
  "status": "error",
  "message": "找不到此端點"
}
2026-06-20 10:08:33,985 [INFO] 
======== 接收到 POST 請求 ========
2026-06-20 10:08:33,986 [INFO] 時間: 2026-06-20 10:08:33.985
2026-06-20 10:08:33,986 [INFO] 端點: /awd/rms/heartbeat
2026-06-20 10:08:33,986 [INFO] 方法: POST
2026-06-20 10:08:33,986 [INFO] Body 內容:
{"protocol_version": "1.0", "sequence": "000036", "timestamp": "2026-06-19 23:07:35.448", "priority": "128", "device": "RMS1.0"}
2026-06-20 10:08:33,986 [INFO] ==================================
2026-06-20 10:08:33,986 [INFO] 已回覆響應 [404]:
{
  "status": "error",
  "message": "找不到此端點"
}
2026-06-20 10:08:34,009 [INFO] 
======== 接收到 POST 請求 ========
2026-06-20 10:08:34,010 [INFO] 時間: 2026-06-20 10:08:34.009
2026-06-20 10:08:34,010 [INFO] 端點: /awd/rms/heartbeat
2026-06-20 10:08:34,010 [INFO] 方法: POST
2026-06-20 10:08:34,010 [INFO] Body 內容:
{"protocol_version": "1.0", "sequence": "000037", "timestamp": "2026-06-19 23:12:37.635", "priority": "128", "device": "RMS1.0"}
2026-06-20 10:08:34,010 [INFO] ==================================
2026-06-20 10:08:34,010 [INFO] 已回覆響應 [404]:
{
  "status": "error",
  "message": "找不到此端點"
}
2026-06-20 10:08:34,033 [INFO] 
======== 接收到 POST 請求 ========
2026-06-20 10:08:34,034 [INFO] 時間: 2026-06-20 10:08:34.033
2026-06-20 10:08:34,034 [INFO] 端點: /awd/rms/heartbeat
2026-06-20 10:08:34,034 [INFO] 方法: POST
2026-06-20 10:08:34,034 [INFO] Body 內容:
{"protocol_version": "1.0", "sequence": "000038", "timestamp": "2026-06-19 23:17:40.019", "priority": "128", "device": "RMS1.0"}
2026-06-20 10:08:34,034 [INFO] ==================================
2026-06-20 10:08:34,035 [INFO] 已回覆響應 [404]:
{
  "status": "error",
  "message": "找不到此端點"
}
2026-06-20 10:08:34,059 [INFO] 
======== 接收到 POST 請求 ========
2026-06-20 10:08:34,062 [INFO] 時間: 2026-06-20 10:08:34.059
2026-06-20 10:08:34,062 [INFO] 端點: /awd/rms/heartbeat
2026-06-20 10:08:34,062 [INFO] 方法: POST
2026-06-20 10:08:34,063 [INFO] Body 內容:
{"protocol_version": "1.0", "sequence": "000039", "timestamp": "2026-06-19 23:22:42.054", "priority": "128", "device": "RMS1.0"}
2026-06-20 10:08:34,063 [INFO] ==================================
2026-06-20 10:08:34,064 [INFO] 已回覆響應 [404]:
{
  "status": "error",
  "message": "找不到此端點"
}
2026-06-20 10:08:34,160 [INFO] 
======== 接收到 POST 請求 ========
2026-06-20 10:08:34,161 [INFO] 時間: 2026-06-20 10:08:34.160
2026-06-20 10:08:34,161 [INFO] 端點: /awd/rms/heartbeat
2026-06-20 10:08:34,162 [INFO] 方法: POST
2026-06-20 10:08:34,163 [INFO] Body 內容:
{"protocol_version": "1.0", "sequence": "000040", "timestamp": "2026-06-19 23:27:44.033", "priority": "128", "device": "RMS1.0"}
2026-06-20 10:08:34,164 [INFO] ==================================
2026-06-20 10:08:34,164 [INFO] 已回覆響應 [404]:
{
  "status": "error",
  "message": "找不到此端點"
}
2026-06-20 10:08:34,251 [INFO] 
======== 接收到 POST 請求 ========
2026-06-20 10:08:34,252 [INFO] 時間: 2026-06-20 10:08:34.251
2026-06-20 10:08:34,252 [INFO] 端點: /awd/rms/heartbeat
2026-06-20 10:08:34,252 [INFO] 方法: POST
2026-06-20 10:08:34,252 [INFO] Body 內容:
{"protocol_version": "1.0", "sequence": "000041", "timestamp": "2026-06-19 23:32:46.313", "priority": "128", "device": "RMS1.0"}
2026-06-20 10:08:34,253 [INFO] ==================================
2026-06-20 10:08:34,254 [INFO] 已回覆響應 [404]:
{
  "status": "error",
  "message": "找不到此端點"
}
2026-06-20 10:08:34,371 [INFO] 
======== 接收到 POST 請求 ========
2026-06-20 10:08:34,371 [INFO] 時間: 2026-06-20 10:08:34.369
2026-06-20 10:08:34,372 [INFO] 端點: /awd/rms/heartbeat
2026-06-20 10:08:34,372 [INFO] 方法: POST
2026-06-20 10:08:34,372 [INFO] Body 內容:
{"protocol_version": "1.0", "sequence": "000042", "timestamp": "2026-06-19 23:37:48.048", "priority": "128", "device": "RMS1.0"}
2026-06-20 10:08:34,372 [INFO] ==================================
2026-06-20 10:08:34,373 [INFO] 已回覆響應 [404]:
{
  "status": "error",
  "message": "找不到此端點"
}
2026-06-20 10:08:34,721 [INFO] 
======== 接收到 POST 請求 ========
2026-06-20 10:08:34,722 [INFO] 時間: 2026-06-20 10:08:34.720
2026-06-20 10:08:34,722 [INFO] 端點: /awd/rms/heartbeat
2026-06-20 10:08:34,722 [INFO] 方法: POST
2026-06-20 10:08:34,723 [INFO] Body 內容:
{"protocol_version": "1.0", "sequence": "000043", "timestamp": "2026-06-19 23:42:50.062", "priority": "128", "device": "RMS1.0"}
2026-06-20 10:08:34,723 [INFO] ==================================
2026-06-20 10:08:34,725 [INFO] 已回覆響應 [404]:
{
  "status": "error",
  "message": "找不到此端點"
}
2026-06-20 10:08:34,890 [INFO] 
======== 接收到 POST 請求 ========
2026-06-20 10:08:34,891 [INFO] 時間: 2026-06-20 10:08:34.890
2026-06-20 10:08:34,891 [INFO] 端點: /awd/rms/heartbeat
2026-06-20 10:08:34,891 [INFO] 方法: POST
2026-06-20 10:08:34,891 [INFO] Body 內容:
{"protocol_version": "1.0", "sequence": "000044", "timestamp": "2026-06-19 23:47:51.918", "priority": "128", "device": "RMS1.0"}
2026-06-20 10:08:34,892 [INFO] ==================================
2026-06-20 10:08:34,892 [INFO] 已回覆響應 [404]:
{
  "status": "error",
  "message": "找不到此端點"
}
2026-06-20 10:08:34,973 [INFO] 
======== 接收到 POST 請求 ========
2026-06-20 10:08:34,974 [INFO] 時間: 2026-06-20 10:08:34.973
2026-06-20 10:08:34,974 [INFO] 端點: /awd/rms/heartbeat
2026-06-20 10:08:34,975 [INFO] 方法: POST
2026-06-20 10:08:34,975 [INFO] Body 內容:
{"protocol_version": "1.0", "sequence": "000045", "timestamp": "2026-06-19 23:52:53.758", "priority": "128", "device": "RMS1.0"}
2026-06-20 10:08:34,976 [INFO] ==================================
2026-06-20 10:08:34,977 [INFO] 已回覆響應 [404]:
{
  "status": "error",
  "message": "找不到此端點"
}
2026-06-20 10:08:34,999 [INFO] 
======== 接收到 POST 請求 ========
2026-06-20 10:08:34,999 [INFO] 時間: 2026-06-20 10:08:34.999
2026-06-20 10:08:34,999 [INFO] 端點: /awd/rms/heartbeat
2026-06-20 10:08:34,999 [INFO] 方法: POST
2026-06-20 10:08:34,999 [INFO] Body 內容:
{"protocol_version": "1.0", "sequence": "000046", "timestamp": "2026-06-19 23:57:55.773", "priority": "128", "device": "RMS1.0"}
2026-06-20 10:08:34,999 [INFO] ==================================
2026-06-20 10:08:34,999 [INFO] 已回覆響應 [404]:
{
  "status": "error",
  "message": "找不到此端點"
}
2026-06-20 10:08:35,020 [INFO] 
======== 接收到 POST 請求 ========
2026-06-20 10:08:35,020 [INFO] 時間: 2026-06-20 10:08:35.020
2026-06-20 10:08:35,021 [INFO] 端點: /awd/rms/heartbeat
2026-06-20 10:08:35,021 [INFO] 方法: POST
2026-06-20 10:08:35,021 [INFO] Body 內容:
{"protocol_version": "1.0", "sequence": "000047", "timestamp": "2026-06-20 00:02:57.408", "priority": "128", "device": "RMS1.0"}
2026-06-20 10:08:35,021 [INFO] ==================================
2026-06-20 10:08:35,021 [INFO] 已回覆響應 [404]:
{
  "status": "error",
  "message": "找不到此端點"
}
2026-06-20 10:08:35,043 [INFO] 
======== 接收到 POST 請求 ========
2026-06-20 10:08:35,043 [INFO] 時間: 2026-06-20 10:08:35.043
2026-06-20 10:08:35,043 [INFO] 端點: /awd/rms/heartbeat
2026-06-20 10:08:35,044 [INFO] 方法: POST
2026-06-20 10:08:35,044 [INFO] Body 內容:
{"protocol_version": "1.0", "sequence": "000048", "timestamp": "2026-06-20 00:07:59.564", "priority": "128", "device": "RMS1.0"}
2026-06-20 10:08:35,044 [INFO] ==================================
2026-06-20 10:08:35,045 [INFO] 已回覆響應 [404]:
{
  "status": "error",
  "message": "找不到此端點"
}
2026-06-20 10:08:35,131 [INFO] 
======== 接收到 POST 請求 ========
2026-06-20 10:08:35,132 [INFO] 時間: 2026-06-20 10:08:35.131
2026-06-20 10:08:35,132 [INFO] 端點: /awd/rms/heartbeat
2026-06-20 10:08:35,133 [INFO] 方法: POST
2026-06-20 10:08:35,133 [INFO] Body 內容:
{"protocol_version": "1.0", "sequence": "000049", "timestamp": "2026-06-20 00:13:01.931", "priority": "128", "device": "RMS1.0"}
2026-06-20 10:08:35,133 [INFO] ==================================
2026-06-20 10:08:35,135 [INFO] 已回覆響應 [404]:
{
  "status": "error",
  "message": "找不到此端點"
}
2026-06-20 10:08:35,285 [INFO] 
======== 接收到 POST 請求 ========
2026-06-20 10:08:35,286 [INFO] 時間: 2026-06-20 10:08:35.285
2026-06-20 10:08:35,286 [INFO] 端點: /awd/rms/heartbeat
2026-06-20 10:08:35,287 [INFO] 方法: POST
2026-06-20 10:08:35,287 [INFO] Body 內容:
{"protocol_version": "1.0", "sequence": "000050", "timestamp": "2026-06-20 00:18:03.968", "priority": "128", "device": "RMS1.0"}
2026-06-20 10:08:35,287 [INFO] ==================================
2026-06-20 10:08:35,287 [INFO] 已回覆響應 [404]:
{
  "status": "error",
  "message": "找不到此端點"
}
2026-06-20 10:08:35,760 [INFO] 
======== 接收到 POST 請求 ========
2026-06-20 10:08:35,760 [INFO] 時間: 2026-06-20 10:08:35.760
2026-06-20 10:08:35,762 [INFO] 端點: /awd/rms/heartbeat
2026-06-20 10:08:35,762 [INFO] 方法: POST
2026-06-20 10:08:35,763 [INFO] Body 內容:
{"protocol_version": "1.0", "sequence": "000051", "timestamp": "2026-06-20 00:23:05.994", "priority": "128", "device": "RMS1.0"}
2026-06-20 10:08:35,764 [INFO] ==================================
2026-06-20 10:08:35,766 [INFO] 已回覆響應 [404]:
{
  "status": "error",
  "message": "找不到此端點"
}
2026-06-20 10:08:35,875 [INFO] 
======== 接收到 POST 請求 ========
2026-06-20 10:08:35,875 [INFO] 時間: 2026-06-20 10:08:35.874
2026-06-20 10:08:35,876 [INFO] 端點: /awd/rms/heartbeat
2026-06-20 10:08:35,876 [INFO] 方法: POST
2026-06-20 10:08:35,876 [INFO] Body 內容:
{"protocol_version": "1.0", "sequence": "000052", "timestamp": "2026-06-20 00:28:07.947", "priority": "128", "device": "RMS1.0"}
2026-06-20 10:08:35,878 [INFO] ==================================
2026-06-20 10:08:35,878 [INFO] 已回覆響應 [404]:
{
  "status": "error",
  "message": "找不到此端點"
}
2026-06-20 10:08:35,906 [INFO] 
======== 接收到 POST 請求 ========
2026-06-20 10:08:35,906 [INFO] 時間: 2026-06-20 10:08:35.905
2026-06-20 10:08:35,906 [INFO] 端點: /awd/rms/heartbeat
2026-06-20 10:08:35,906 [INFO] 方法: POST
2026-06-20 10:08:35,906 [INFO] Body 內容:
{"protocol_version": "1.0", "sequence": "000053", "timestamp": "2026-06-20 00:33:09.997", "priority": "128", "device": "RMS1.0"}
2026-06-20 10:08:35,906 [INFO] ==================================
2026-06-20 10:08:35,908 [INFO] 已回覆響應 [404]:
{
  "status": "error",
  "message": "找不到此端點"
}
2026-06-20 10:08:35,936 [INFO] 
======== 接收到 POST 請求 ========
2026-06-20 10:08:35,937 [INFO] 時間: 2026-06-20 10:08:35.936
2026-06-20 10:08:35,937 [INFO] 端點: /awd/rms/heartbeat
2026-06-20 10:08:35,937 [INFO] 方法: POST
2026-06-20 10:08:35,938 [INFO] Body 內容:
{"protocol_version": "1.0", "sequence": "000054", "timestamp": "2026-06-20 00:38:12.216", "priority": "128", "device": "RMS1.0"}
2026-06-20 10:08:35,938 [INFO] ==================================
2026-06-20 10:08:35,938 [INFO] 已回覆響應 [404]:
{
  "status": "error",
  "message": "找不到此端點"
}
2026-06-20 10:08:35,958 [INFO] 
======== 接收到 POST 請求 ========
2026-06-20 10:08:35,959 [INFO] 時間: 2026-06-20 10:08:35.958
2026-06-20 10:08:35,959 [INFO] 端點: /awd/rms/heartbeat
2026-06-20 10:08:35,959 [INFO] 方法: POST
2026-06-20 10:08:35,959 [INFO] Body 內容:
{"protocol_version": "1.0", "sequence": "000055", "timestamp": "2026-06-20 00:43:14.228", "priority": "128", "device": "RMS1.0"}
2026-06-20 10:08:35,959 [INFO] ==================================
2026-06-20 10:08:35,959 [INFO] 已回覆響應 [404]:
{
  "status": "error",
  "message": "找不到此端點"
}
2026-06-20 10:08:35,983 [INFO] 
======== 接收到 POST 請求 ========
2026-06-20 10:08:35,983 [INFO] 時間: 2026-06-20 10:08:35.983
2026-06-20 10:08:35,983 [INFO] 端點: /awd/rms/heartbeat
2026-06-20 10:08:35,983 [INFO] 方法: POST
2026-06-20 10:08:35,983 [INFO] Body 內容:
{"protocol_version": "1.0", "sequence": "000056", "timestamp": "2026-06-20 00:48:15.854", "priority": "128", "device": "RMS1.0"}
2026-06-20 10:08:35,984 [INFO] ==================================
2026-06-20 10:08:35,984 [INFO] 已回覆響應 [404]:
{
  "status": "error",
  "message": "找不到此端點"
}
2026-06-20 10:08:36,003 [INFO] 
======== 接收到 POST 請求 ========
2026-06-20 10:08:36,003 [INFO] 時間: 2026-06-20 10:08:36.003
2026-06-20 10:08:36,003 [INFO] 端點: /awd/rms/heartbeat
2026-06-20 10:08:36,003 [INFO] 方法: POST
2026-06-20 10:08:36,004 [INFO] Body 內容:
{"protocol_version": "1.0", "sequence": "000057", "timestamp": "2026-06-20 00:53:18.222", "priority": "128", "device": "RMS1.0"}
2026-06-20 10:08:36,004 [INFO] ==================================
2026-06-20 10:08:36,004 [INFO] 已回覆響應 [404]:
{
  "status": "error",
  "message": "找不到此端點"
}
2026-06-20 10:08:36,025 [INFO] 
======== 接收到 POST 請求 ========
2026-06-20 10:08:36,025 [INFO] 時間: 2026-06-20 10:08:36.025
2026-06-20 10:08:36,025 [INFO] 端點: /awd/rms/heartbeat
2026-06-20 10:08:36,025 [INFO] 方法: POST
2026-06-20 10:08:36,025 [INFO] Body 內容:
{"protocol_version": "1.0", "sequence": "000058", "timestamp": "2026-06-20 00:58:20.311", "priority": "128", "device": "RMS1.0"}
2026-06-20 10:08:36,026 [INFO] ==================================
2026-06-20 10:08:36,026 [INFO] 已回覆響應 [404]:
{
  "status": "error",
  "message": "找不到此端點"
}
2026-06-20 10:08:36,050 [INFO] 
======== 接收到 POST 請求 ========
2026-06-20 10:08:36,050 [INFO] 時間: 2026-06-20 10:08:36.050
2026-06-20 10:08:36,050 [INFO] 端點: /awd/rms/heartbeat
2026-06-20 10:08:36,051 [INFO] 方法: POST
2026-06-20 10:08:36,051 [INFO] Body 內容:
{"protocol_version": "1.0", "sequence": "000059", "timestamp": "2026-06-20 01:03:22.650", "priority": "128", "device": "RMS1.0"}
2026-06-20 10:08:36,051 [INFO] ==================================
2026-06-20 10:08:36,052 [INFO] 已回覆響應 [404]:
{
  "status": "error",
  "message": "找不到此端點"
}
2026-06-20 10:08:36,079 [INFO] 
======== 接收到 POST 請求 ========
2026-06-20 10:08:36,080 [INFO] 時間: 2026-06-20 10:08:36.079
2026-06-20 10:08:36,080 [INFO] 端點: /awd/rms/heartbeat
2026-06-20 10:08:36,081 [INFO] 方法: POST
2026-06-20 10:08:36,081 [INFO] Body 內容:
{"protocol_version": "1.0", "sequence": "000060", "timestamp": "2026-06-20 01:08:24.745", "priority": "128", "device": "RMS1.0"}
2026-06-20 10:08:36,082 [INFO] ==================================
2026-06-20 10:08:36,082 [INFO] 已回覆響應 [404]:
{
  "status": "error",
  "message": "找不到此端點"
}
2026-06-20 10:08:36,110 [INFO] 
======== 接收到 POST 請求 ========
2026-06-20 10:08:36,111 [INFO] 時間: 2026-06-20 10:08:36.110
2026-06-20 10:08:36,111 [INFO] 端點: /awd/rms/heartbeat
2026-06-20 10:08:36,111 [INFO] 方法: POST
2026-06-20 10:08:36,112 [INFO] Body 內容:
{"protocol_version": "1.0", "sequence": "000061", "timestamp": "2026-06-20 01:13:26.460", "priority": "128", "device": "RMS1.0"}
2026-06-20 10:08:36,112 [INFO] ==================================
2026-06-20 10:08:36,112 [INFO] 已回覆響應 [404]:
{
  "status": "error",
  "message": "找不到此端點"
}
2026-06-20 10:08:36,364 [INFO] 
======== 接收到 POST 請求 ========
2026-06-20 10:08:36,365 [INFO] 時間: 2026-06-20 10:08:36.364
2026-06-20 10:08:36,367 [INFO] 端點: /awd/rms/heartbeat
2026-06-20 10:08:36,367 [INFO] 方法: POST
2026-06-20 10:08:36,368 [INFO] Body 內容:
{"protocol_version": "1.0", "sequence": "000062", "timestamp": "2026-06-20 01:18:28.972", "priority": "128", "device": "RMS1.0"}
2026-06-20 10:08:36,368 [INFO] ==================================
2026-06-20 10:08:36,369 [INFO] 已回覆響應 [404]:
{
  "status": "error",
  "message": "找不到此端點"
}
2026-06-20 10:08:36,630 [INFO] 
======== 接收到 POST 請求 ========
2026-06-20 10:08:36,630 [INFO] 時間: 2026-06-20 10:08:36.630
2026-06-20 10:08:36,632 [INFO] 端點: /awd/rms/heartbeat
2026-06-20 10:08:36,632 [INFO] 方法: POST
2026-06-20 10:08:36,632 [INFO] Body 內容:
{"protocol_version": "1.0", "sequence": "000063", "timestamp": "2026-06-20 01:23:31.050", "priority": "128", "device": "RMS1.0"}
2026-06-20 10:08:36,632 [INFO] ==================================
2026-06-20 10:08:36,633 [INFO] 已回覆響應 [404]:
{
  "status": "error",
  "message": "找不到此端點"
}
2026-06-20 10:08:36,731 [INFO] 
======== 接收到 POST 請求 ========
2026-06-20 10:08:36,732 [INFO] 時間: 2026-06-20 10:08:36.731
2026-06-20 10:08:36,732 [INFO] 端點: /awd/rms/heartbeat
2026-06-20 10:08:36,732 [INFO] 方法: POST
2026-06-20 10:08:36,733 [INFO] Body 內容:
{"protocol_version": "1.0", "sequence": "000064", "timestamp": "2026-06-20 01:28:32.736", "priority": "128", "device": "RMS1.0"}
2026-06-20 10:08:36,733 [INFO] ==================================
2026-06-20 10:08:36,734 [INFO] 已回覆響應 [404]:
{
  "status": "error",
  "message": "找不到此端點"
}
2026-06-20 10:08:36,850 [INFO] 
======== 接收到 POST 請求 ========
2026-06-20 10:08:36,850 [INFO] 時間: 2026-06-20 10:08:36.850
2026-06-20 10:08:36,850 [INFO] 端點: /awd/rms/heartbeat
2026-06-20 10:08:36,850 [INFO] 方法: POST
2026-06-20 10:08:36,851 [INFO] Body 內容:
{"protocol_version": "1.0", "sequence": "000065", "timestamp": "2026-06-20 01:33:35.043", "priority": "128", "device": "RMS1.0"}
2026-06-20 10:08:36,851 [INFO] ==================================
2026-06-20 10:08:36,851 [INFO] 已回覆響應 [404]:
{
  "status": "error",
  "message": "找不到此端點"
}
2026-06-20 10:08:36,989 [INFO] 
======== 接收到 POST 請求 ========
2026-06-20 10:08:36,990 [INFO] 時間: 2026-06-20 10:08:36.989
2026-06-20 10:08:36,991 [INFO] 端點: /awd/rms/heartbeat
2026-06-20 10:08:36,991 [INFO] 方法: POST
2026-06-20 10:08:36,992 [INFO] Body 內容:
{"protocol_version": "1.0", "sequence": "000066", "timestamp": "2026-06-20 01:38:36.678", "priority": "128", "device": "RMS1.0"}
2026-06-20 10:08:36,992 [INFO] ==================================
2026-06-20 10:08:36,992 [INFO] 已回覆響應 [404]:
{
  "status": "error",
  "message": "找不到此端點"
}
2026-06-20 10:08:37,410 [INFO] 
======== 接收到 POST 請求 ========
2026-06-20 10:08:37,411 [INFO] 時間: 2026-06-20 10:08:37.410
2026-06-20 10:08:37,412 [INFO] 端點: /awd/rms/heartbeat
2026-06-20 10:08:37,412 [INFO] 方法: POST
2026-06-20 10:08:37,412 [INFO] Body 內容:
{"protocol_version": "1.0", "sequence": "000067", "timestamp": "2026-06-20 01:43:38.906", "priority": "128", "device": "RMS1.0"}
2026-06-20 10:08:37,413 [INFO] ==================================
2026-06-20 10:08:37,413 [INFO] 已回覆響應 [404]:
{
  "status": "error",
  "message": "找不到此端點"
}
2026-06-20 10:08:37,642 [INFO] 
======== 接收到 POST 請求 ========
2026-06-20 10:08:37,644 [INFO] 時間: 2026-06-20 10:08:37.642
2026-06-20 10:08:37,645 [INFO] 端點: /awd/rms/heartbeat
2026-06-20 10:08:37,645 [INFO] 方法: POST
2026-06-20 10:08:37,645 [INFO] Body 內容:
{"protocol_version": "1.0", "sequence": "000068", "timestamp": "2026-06-20 01:48:40.972", "priority": "128", "device": "RMS1.0"}
2026-06-20 10:08:37,646 [INFO] ==================================
2026-06-20 10:08:37,646 [INFO] 已回覆響應 [404]:
{
  "status": "error",
  "message": "找不到此端點"
}
2026-06-20 10:08:37,758 [INFO] 
======== 接收到 POST 請求 ========
2026-06-20 10:08:37,758 [INFO] 時間: 2026-06-20 10:08:37.758
2026-06-20 10:08:37,759 [INFO] 端點: /awd/rms/heartbeat
2026-06-20 10:08:37,759 [INFO] 方法: POST
2026-06-20 10:08:37,760 [INFO] Body 內容:
{"protocol_version": "1.0", "sequence": "000069", "timestamp": "2026-06-20 01:53:43.262", "priority": "128", "device": "RMS1.0"}
2026-06-20 10:08:37,760 [INFO] ==================================
2026-06-20 10:08:37,761 [INFO] 已回覆響應 [404]:
{
  "status": "error",
  "message": "找不到此端點"
}
2026-06-20 10:08:38,031 [INFO] 
======== 接收到 POST 請求 ========
2026-06-20 10:08:38,032 [INFO] 時間: 2026-06-20 10:08:38.031
2026-06-20 10:08:38,033 [INFO] 端點: /awd/rms/heartbeat
2026-06-20 10:08:38,034 [INFO] 方法: POST
2026-06-20 10:08:38,034 [INFO] Body 內容:
{"protocol_version": "1.0", "sequence": "000070", "timestamp": "2026-06-20 01:58:45.219", "priority": "128", "device": "RMS1.0"}
2026-06-20 10:08:38,035 [INFO] ==================================
2026-06-20 10:08:38,036 [INFO] 已回覆響應 [404]:
{
  "status": "error",
  "message": "找不到此端點"
}
2026-06-20 10:08:38,132 [INFO] 
======== 接收到 POST 請求 ========
2026-06-20 10:08:38,132 [INFO] 時間: 2026-06-20 10:08:38.132
2026-06-20 10:08:38,133 [INFO] 端點: /awd/rms/heartbeat
2026-06-20 10:08:38,134 [INFO] 方法: POST
2026-06-20 10:08:38,134 [INFO] Body 內容:
{"protocol_version": "1.0", "sequence": "000071", "timestamp": "2026-06-20 02:03:47.157", "priority": "128", "device": "RMS1.0"}
2026-06-20 10:08:38,134 [INFO] ==================================
2026-06-20 10:08:38,135 [INFO] 已回覆響應 [404]:
{
  "status": "error",
  "message": "找不到此端點"
}
2026-06-20 10:08:38,287 [INFO] 
======== 接收到 POST 請求 ========
2026-06-20 10:08:38,287 [INFO] 時間: 2026-06-20 10:08:38.287
2026-06-20 10:08:38,288 [INFO] 端點: /awd/rms/heartbeat
2026-06-20 10:08:38,288 [INFO] 方法: POST
2026-06-20 10:08:38,288 [INFO] Body 內容:
{"protocol_version": "1.0", "sequence": "000072", "timestamp": "2026-06-20 02:08:49.393", "priority": "128", "device": "RMS1.0"}
2026-06-20 10:08:38,288 [INFO] ==================================
2026-06-20 10:08:38,288 [INFO] 已回覆響應 [404]:
{
  "status": "error",
  "message": "找不到此端點"
}
2026-06-20 10:08:38,623 [INFO] 
======== 接收到 POST 請求 ========
2026-06-20 10:08:38,623 [INFO] 時間: 2026-06-20 10:08:38.623
2026-06-20 10:08:38,624 [INFO] 端點: /awd/rms/heartbeat
2026-06-20 10:08:38,624 [INFO] 方法: POST
2026-06-20 10:08:38,624 [INFO] Body 內容:
{"protocol_version": "1.0", "sequence": "000073", "timestamp": "2026-06-20 02:13:51.754", "priority": "128", "device": "RMS1.0"}
2026-06-20 10:08:38,624 [INFO] ==================================
2026-06-20 10:08:38,624 [INFO] 已回覆響應 [404]:
{
  "status": "error",
  "message": "找不到此端點"
}
2026-06-20 10:08:38,735 [INFO] 
======== 接收到 POST 請求 ========
2026-06-20 10:08:38,736 [INFO] 時間: 2026-06-20 10:08:38.735
2026-06-20 10:08:38,736 [INFO] 端點: /awd/rms/heartbeat
2026-06-20 10:08:38,737 [INFO] 方法: POST
2026-06-20 10:08:38,737 [INFO] Body 內容:
{"protocol_version": "1.0", "sequence": "000074", "timestamp": "2026-06-20 02:18:53.732", "priority": "128", "device": "RMS1.0"}
2026-06-20 10:08:38,737 [INFO] ==================================
2026-06-20 10:08:38,738 [INFO] 已回覆響應 [404]:
{
  "status": "error",
  "message": "找不到此端點"
}
2026-06-20 10:08:38,826 [INFO] 
======== 接收到 POST 請求 ========
2026-06-20 10:08:38,827 [INFO] 時間: 2026-06-20 10:08:38.825
2026-06-20 10:08:38,828 [INFO] 端點: /awd/rms/heartbeat
2026-06-20 10:08:38,828 [INFO] 方法: POST
2026-06-20 10:08:38,829 [INFO] Body 內容:
{"protocol_version": "1.0", "sequence": "000075", "timestamp": "2026-06-20 02:23:56.031", "priority": "128", "device": "RMS1.0"}
2026-06-20 10:08:38,829 [INFO] ==================================
2026-06-20 10:08:38,830 [INFO] 已回覆響應 [404]:
{
  "status": "error",
  "message": "找不到此端點"
}
2026-06-20 10:08:39,444 [INFO] 
======== 接收到 POST 請求 ========
2026-06-20 10:08:39,444 [INFO] 時間: 2026-06-20 10:08:39.444
2026-06-20 10:08:39,444 [INFO] 端點: /awd/rms/heartbeat
2026-06-20 10:08:39,446 [INFO] 方法: POST
2026-06-20 10:08:39,446 [INFO] Body 內容:
{"protocol_version": "1.0", "sequence": "000076", "timestamp": "2026-06-20 02:28:58.400", "priority": "128", "device": "RMS1.0"}
2026-06-20 10:08:39,446 [INFO] ==================================
2026-06-20 10:08:39,447 [INFO] 已回覆響應 [404]:
{
  "status": "error",
  "message": "找不到此端點"
}
2026-06-20 10:08:39,763 [INFO] 
======== 接收到 POST 請求 ========
2026-06-20 10:08:39,763 [INFO] 時間: 2026-06-20 10:08:39.763
2026-06-20 10:08:39,765 [INFO] 端點: /awd/rms/heartbeat
2026-06-20 10:08:39,765 [INFO] 方法: POST
2026-06-20 10:08:39,765 [INFO] Body 內容:
{"protocol_version": "1.0", "sequence": "000077", "timestamp": "2026-06-20 02:34:00.905", "priority": "128", "device": "RMS1.0"}
2026-06-20 10:08:39,765 [INFO] ==================================
2026-06-20 10:08:39,765 [INFO] 已回覆響應 [404]:
{
  "status": "error",
  "message": "找不到此端點"
}
2026-06-20 10:08:39,888 [INFO] 
======== 接收到 POST 請求 ========
2026-06-20 10:08:39,888 [INFO] 時間: 2026-06-20 10:08:39.888
2026-06-20 10:08:39,889 [INFO] 端點: /awd/rms/heartbeat
2026-06-20 10:08:39,890 [INFO] 方法: POST
2026-06-20 10:08:39,890 [INFO] Body 內容:
{"protocol_version": "1.0", "sequence": "000078", "timestamp": "2026-06-20 02:39:02.937", "priority": "128", "device": "RMS1.0"}
2026-06-20 10:08:39,891 [INFO] ==================================
2026-06-20 10:08:39,892 [INFO] 已回覆響應 [404]:
{
  "status": "error",
  "message": "找不到此端點"
}
2026-06-20 10:08:40,040 [INFO] 
======== 接收到 POST 請求 ========
2026-06-20 10:08:40,042 [INFO] 時間: 2026-06-20 10:08:40.040
2026-06-20 10:08:40,042 [INFO] 端點: /awd/rms/heartbeat
2026-06-20 10:08:40,043 [INFO] 方法: POST
2026-06-20 10:08:40,043 [INFO] Body 內容:
{"protocol_version": "1.0", "sequence": "000079", "timestamp": "2026-06-20 02:44:04.791", "priority": "128", "device": "RMS1.0"}
2026-06-20 10:08:40,044 [INFO] ==================================
2026-06-20 10:08:40,044 [INFO] 已回覆響應 [404]:
{
  "status": "error",
  "message": "找不到此端點"
}
2026-06-20 10:08:40,235 [INFO] 
======== 接收到 POST 請求 ========
2026-06-20 10:08:40,235 [INFO] 時間: 2026-06-20 10:08:40.234
2026-06-20 10:08:40,236 [INFO] 端點: /awd/rms/heartbeat
2026-06-20 10:08:40,236 [INFO] 方法: POST
2026-06-20 10:08:40,236 [INFO] Body 內容:
{"protocol_version": "1.0", "sequence": "000080", "timestamp": "2026-06-20 02:49:06.811", "priority": "128", "device": "RMS1.0"}
2026-06-20 10:08:40,237 [INFO] ==================================
2026-06-20 10:08:40,238 [INFO] 已回覆響應 [404]:
{
  "status": "error",
  "message": "找不到此端點"
}
2026-06-20 10:08:40,485 [INFO] 
======== 接收到 POST 請求 ========
2026-06-20 10:08:40,486 [INFO] 時間: 2026-06-20 10:08:40.485
2026-06-20 10:08:40,486 [INFO] 端點: /awd/rms/heartbeat
2026-06-20 10:08:40,486 [INFO] 方法: POST
2026-06-20 10:08:40,486 [INFO] Body 內容:
{"protocol_version": "1.0", "sequence": "000081", "timestamp": "2026-06-20 02:54:08.712", "priority": "128", "device": "RMS1.0"}
2026-06-20 10:08:40,486 [INFO] ==================================
2026-06-20 10:08:40,488 [INFO] 已回覆響應 [404]:
{
  "status": "error",
  "message": "找不到此端點"
}
2026-06-20 10:08:40,631 [INFO] 
======== 接收到 POST 請求 ========
2026-06-20 10:08:40,631 [INFO] 時間: 2026-06-20 10:08:40.631
2026-06-20 10:08:40,633 [INFO] 端點: /awd/rms/heartbeat
2026-06-20 10:08:40,633 [INFO] 方法: POST
2026-06-20 10:08:40,633 [INFO] Body 內容:
{"protocol_version": "1.0", "sequence": "000082", "timestamp": "2026-06-20 02:59:10.933", "priority": "128", "device": "RMS1.0"}
2026-06-20 10:08:40,634 [INFO] ==================================
2026-06-20 10:08:40,634 [INFO] 已回覆響應 [404]:
{
  "status": "error",
  "message": "找不到此端點"
}
2026-06-20 10:08:40,708 [INFO] 
======== 接收到 POST 請求 ========
2026-06-20 10:08:40,708 [INFO] 時間: 2026-06-20 10:08:40.708
2026-06-20 10:08:40,708 [INFO] 端點: /awd/rms/heartbeat
2026-06-20 10:08:40,710 [INFO] 方法: POST
2026-06-20 10:08:40,710 [INFO] Body 內容:
{"protocol_version": "1.0", "sequence": "000083", "timestamp": "2026-06-20 03:04:12.998", "priority": "128", "device": "RMS1.0"}
2026-06-20 10:08:40,710 [INFO] ==================================
2026-06-20 10:08:40,710 [INFO] 已回覆響應 [404]:
{
  "status": "error",
  "message": "找不到此端點"
}
2026-06-20 10:08:40,839 [INFO] 
======== 接收到 POST 請求 ========
2026-06-20 10:08:40,839 [INFO] 時間: 2026-06-20 10:08:40.839
2026-06-20 10:08:40,841 [INFO] 端點: /awd/rms/heartbeat
2026-06-20 10:08:40,841 [INFO] 方法: POST
2026-06-20 10:08:40,841 [INFO] Body 內容:
{"protocol_version": "1.0", "sequence": "000084", "timestamp": "2026-06-20 03:09:14.786", "priority": "128", "device": "RMS1.0"}
2026-06-20 10:08:40,841 [INFO] ==================================
2026-06-20 10:08:40,842 [INFO] 已回覆響應 [404]:
{
  "status": "error",
  "message": "找不到此端點"
}
2026-06-20 10:08:40,936 [INFO] 
======== 接收到 POST 請求 ========
2026-06-20 10:08:40,938 [INFO] 時間: 2026-06-20 10:08:40.936
2026-06-20 10:08:40,939 [INFO] 端點: /awd/rms/heartbeat
2026-06-20 10:08:40,939 [INFO] 方法: POST
2026-06-20 10:08:40,939 [INFO] Body 內容:
{"protocol_version": "1.0", "sequence": "000085", "timestamp": "2026-06-20 03:14:16.816", "priority": "128", "device": "RMS1.0"}
2026-06-20 10:08:40,940 [INFO] ==================================
2026-06-20 10:08:40,940 [INFO] 已回覆響應 [404]:
{
  "status": "error",
  "message": "找不到此端點"
}
2026-06-20 10:08:41,150 [INFO] 
======== 接收到 POST 請求 ========
2026-06-20 10:08:41,151 [INFO] 時間: 2026-06-20 10:08:41.149
2026-06-20 10:08:41,151 [INFO] 端點: /awd/rms/heartbeat
2026-06-20 10:08:41,152 [INFO] 方法: POST
2026-06-20 10:08:41,153 [INFO] Body 內容:
{"protocol_version": "1.0", "sequence": "000086", "timestamp": "2026-06-20 03:19:19.559", "priority": "128", "device": "RMS1.0"}
2026-06-20 10:08:41,154 [INFO] ==================================
2026-06-20 10:08:41,154 [INFO] 已回覆響應 [404]:
{
  "status": "error",
  "message": "找不到此端點"
}
2026-06-20 10:08:41,176 [INFO] 
======== 接收到 POST 請求 ========
2026-06-20 10:08:41,176 [INFO] 時間: 2026-06-20 10:08:41.176
2026-06-20 10:08:41,176 [INFO] 端點: /awd/rms/heartbeat
2026-06-20 10:08:41,176 [INFO] 方法: POST
2026-06-20 10:08:41,176 [INFO] Body 內容:
{"protocol_version": "1.0", "sequence": "000087", "timestamp": "2026-06-20 03:24:21.847", "priority": "128", "device": "RMS1.0"}
2026-06-20 10:08:41,176 [INFO] ==================================
2026-06-20 10:08:41,177 [INFO] 已回覆響應 [404]:
{
  "status": "error",
  "message": "找不到此端點"
}
2026-06-20 10:08:41,201 [INFO] 
======== 接收到 POST 請求 ========
2026-06-20 10:08:41,201 [INFO] 時間: 2026-06-20 10:08:41.200
2026-06-20 10:08:41,201 [INFO] 端點: /awd/rms/heartbeat
2026-06-20 10:08:41,201 [INFO] 方法: POST
2026-06-20 10:08:41,201 [INFO] Body 內容:
{"protocol_version": "1.0", "sequence": "000088", "timestamp": "2026-06-20 03:29:23.993", "priority": "128", "device": "RMS1.0"}
2026-06-20 10:08:41,201 [INFO] ==================================
2026-06-20 10:08:41,202 [INFO] 已回覆響應 [404]:
{
  "status": "error",
  "message": "找不到此端點"
}
2026-06-20 10:08:41,253 [INFO] 
======== 接收到 POST 請求 ========
2026-06-20 10:08:41,254 [INFO] 時間: 2026-06-20 10:08:41.253
2026-06-20 10:08:41,254 [INFO] 端點: /awd/rms/heartbeat
2026-06-20 10:08:41,254 [INFO] 方法: POST
2026-06-20 10:08:41,255 [INFO] Body 內容:
{"protocol_version": "1.0", "sequence": "000089", "timestamp": "2026-06-20 03:34:25.722", "priority": "128", "device": "RMS1.0"}
2026-06-20 10:08:41,255 [INFO] ==================================
2026-06-20 10:08:41,256 [INFO] 已回覆響應 [404]:
{
  "status": "error",
  "message": "找不到此端點"
}
2026-06-20 10:08:41,464 [INFO] 
======== 接收到 POST 請求 ========
2026-06-20 10:08:41,465 [INFO] 時間: 2026-06-20 10:08:41.464
2026-06-20 10:08:41,465 [INFO] 端點: /awd/rms/heartbeat
2026-06-20 10:08:41,465 [INFO] 方法: POST
2026-06-20 10:08:41,466 [INFO] Body 內容:
{"protocol_version": "1.0", "sequence": "000090", "timestamp": "2026-06-20 03:39:27.970", "priority": "128", "device": "RMS1.0"}
2026-06-20 10:08:41,466 [INFO] ==================================
2026-06-20 10:08:41,467 [INFO] 已回覆響應 [404]:
{
  "status": "error",
  "message": "找不到此端點"
}
2026-06-20 10:08:41,662 [INFO] 
======== 接收到 POST 請求 ========
2026-06-20 10:08:41,662 [INFO] 時間: 2026-06-20 10:08:41.662
2026-06-20 10:08:41,663 [INFO] 端點: /awd/rms/heartbeat
2026-06-20 10:08:41,663 [INFO] 方法: POST
2026-06-20 10:08:41,664 [INFO] Body 內容:
{"protocol_version": "1.0", "sequence": "000091", "timestamp": "2026-06-20 03:44:30.311", "priority": "128", "device": "RMS1.0"}
2026-06-20 10:08:41,664 [INFO] ==================================
2026-06-20 10:08:41,665 [INFO] 已回覆響應 [404]:
{
  "status": "error",
  "message": "找不到此端點"
}
2026-06-20 10:08:41,752 [INFO] 
======== 接收到 POST 請求 ========
2026-06-20 10:08:41,752 [INFO] 時間: 2026-06-20 10:08:41.751
2026-06-20 10:08:41,753 [INFO] 端點: /awd/rms/heartbeat
2026-06-20 10:08:41,754 [INFO] 方法: POST
2026-06-20 10:08:41,754 [INFO] Body 內容:
{"protocol_version": "1.0", "sequence": "000092", "timestamp": "2026-06-20 03:49:32.117", "priority": "128", "device": "RMS1.0"}
2026-06-20 10:08:41,754 [INFO] ==================================
2026-06-20 10:08:41,755 [INFO] 已回覆響應 [404]:
{
  "status": "error",
  "message": "找不到此端點"
}
2026-06-20 10:08:41,901 [INFO] 
======== 接收到 POST 請求 ========
2026-06-20 10:08:41,902 [INFO] 時間: 2026-06-20 10:08:41.901
2026-06-20 10:08:41,902 [INFO] 端點: /awd/rms/heartbeat
2026-06-20 10:08:41,903 [INFO] 方法: POST
2026-06-20 10:08:41,903 [INFO] Body 內容:
{"protocol_version": "1.0", "sequence": "000093", "timestamp": "2026-06-20 03:54:33.940", "priority": "128", "device": "RMS1.0"}
2026-06-20 10:08:41,904 [INFO] ==================================
2026-06-20 10:08:41,904 [INFO] 已回覆響應 [404]:
{
  "status": "error",
  "message": "找不到此端點"
}
2026-06-20 10:08:42,533 [INFO] 
======== 接收到 POST 請求 ========
2026-06-20 10:08:42,533 [INFO] 時間: 2026-06-20 10:08:42.532
2026-06-20 10:08:42,534 [INFO] 端點: /awd/rms/heartbeat
2026-06-20 10:08:42,534 [INFO] 方法: POST
2026-06-20 10:08:42,535 [INFO] Body 內容:
{"protocol_version": "1.0", "sequence": "000094", "timestamp": "2026-06-20 03:59:36.458", "priority": "128", "device": "RMS1.0"}
2026-06-20 10:08:42,535 [INFO] ==================================
2026-06-20 10:08:42,536 [INFO] 已回覆響應 [404]:
{
  "status": "error",
  "message": "找不到此端點"
}
2026-06-20 10:08:42,675 [INFO] 
======== 接收到 POST 請求 ========
2026-06-20 10:08:42,675 [INFO] 時間: 2026-06-20 10:08:42.674
2026-06-20 10:08:42,676 [INFO] 端點: /awd/rms/heartbeat
2026-06-20 10:08:42,676 [INFO] 方法: POST
2026-06-20 10:08:42,676 [INFO] Body 內容:
{"protocol_version": "1.0", "sequence": "000095", "timestamp": "2026-06-20 04:04:38.496", "priority": "128", "device": "RMS1.0"}
2026-06-20 10:08:42,678 [INFO] ==================================
2026-06-20 10:08:42,679 [INFO] 已回覆響應 [404]:
{
  "status": "error",
  "message": "找不到此端點"
}
2026-06-20 10:08:42,805 [INFO] 
======== 接收到 POST 請求 ========
2026-06-20 10:08:42,805 [INFO] 時間: 2026-06-20 10:08:42.804
2026-06-20 10:08:42,806 [INFO] 端點: /awd/rms/heartbeat
2026-06-20 10:08:42,806 [INFO] 方法: POST
2026-06-20 10:08:42,806 [INFO] Body 內容:
{"protocol_version": "1.0", "sequence": "000096", "timestamp": "2026-06-20 04:09:40.627", "priority": "128", "device": "RMS1.0"}
2026-06-20 10:08:42,808 [INFO] ==================================
2026-06-20 10:08:42,808 [INFO] 已回覆響應 [404]:
{
  "status": "error",
  "message": "找不到此端點"
}
2026-06-20 10:08:42,986 [INFO] 
======== 接收到 POST 請求 ========
2026-06-20 10:08:42,986 [INFO] 時間: 2026-06-20 10:08:42.985
2026-06-20 10:08:42,988 [INFO] 端點: /awd/rms/heartbeat
2026-06-20 10:08:42,988 [INFO] 方法: POST
2026-06-20 10:08:42,988 [INFO] Body 內容:
{"protocol_version": "1.0", "sequence": "000097", "timestamp": "2026-06-20 04:14:42.967", "priority": "128", "device": "RMS1.0"}
2026-06-20 10:08:42,989 [INFO] ==================================
2026-06-20 10:08:42,990 [INFO] 已回覆響應 [404]:
{
  "status": "error",
  "message": "找不到此端點"
}
2026-06-20 10:08:43,557 [INFO] 
======== 接收到 POST 請求 ========
2026-06-20 10:08:43,558 [INFO] 時間: 2026-06-20 10:08:43.557
2026-06-20 10:08:43,558 [INFO] 端點: /awd/rms/heartbeat
2026-06-20 10:08:43,560 [INFO] 方法: POST
2026-06-20 10:08:43,560 [INFO] Body 內容:
{"protocol_version": "1.0", "sequence": "000098", "timestamp": "2026-06-20 04:19:44.747", "priority": "128", "device": "RMS1.0"}
2026-06-20 10:08:43,560 [INFO] ==================================
2026-06-20 10:08:43,561 [INFO] 已回覆響應 [404]:
{
  "status": "error",
  "message": "找不到此端點"
}
2026-06-20 10:08:43,706 [INFO] 
======== 接收到 POST 請求 ========
2026-06-20 10:08:43,706 [INFO] 時間: 2026-06-20 10:08:43.704
2026-06-20 10:08:43,706 [INFO] 端點: /awd/rms/heartbeat
2026-06-20 10:08:43,706 [INFO] 方法: POST
2026-06-20 10:08:43,706 [INFO] Body 內容:
{"protocol_version": "1.0", "sequence": "000099", "timestamp": "2026-06-20 04:24:47.481", "priority": "128", "device": "RMS1.0"}
2026-06-20 10:08:43,707 [INFO] ==================================
2026-06-20 10:08:43,707 [INFO] 已回覆響應 [404]:
{
  "status": "error",
  "message": "找不到此端點"
}
2026-06-20 10:08:43,731 [INFO] 
======== 接收到 POST 請求 ========
2026-06-20 10:08:43,731 [INFO] 時間: 2026-06-20 10:08:43.731
2026-06-20 10:08:43,731 [INFO] 端點: /awd/rms/heartbeat
2026-06-20 10:08:43,732 [INFO] 方法: POST
2026-06-20 10:08:43,732 [INFO] Body 內容:
{"protocol_version": "1.0", "sequence": "000100", "timestamp": "2026-06-20 04:29:49.882", "priority": "128", "device": "RMS1.0"}
2026-06-20 10:08:43,732 [INFO] ==================================
2026-06-20 10:08:43,732 [INFO] 已回覆響應 [404]:
{
  "status": "error",
  "message": "找不到此端點"
}
2026-06-20 10:08:43,783 [INFO] 
======== 接收到 POST 請求 ========
2026-06-20 10:08:43,784 [INFO] 時間: 2026-06-20 10:08:43.783
2026-06-20 10:08:43,784 [INFO] 端點: /awd/rms/heartbeat
2026-06-20 10:08:43,784 [INFO] 方法: POST
2026-06-20 10:08:43,784 [INFO] Body 內容:
{"protocol_version": "1.0", "sequence": "000101", "timestamp": "2026-06-20 04:34:51.534", "priority": "128", "device": "RMS1.0"}
2026-06-20 10:08:43,784 [INFO] ==================================
2026-06-20 10:08:43,786 [INFO] 已回覆響應 [404]:
{
  "status": "error",
  "message": "找不到此端點"
}
2026-06-20 10:08:43,808 [INFO] 
======== 接收到 POST 請求 ========
2026-06-20 10:08:43,808 [INFO] 時間: 2026-06-20 10:08:43.808
2026-06-20 10:08:43,808 [INFO] 端點: /awd/rms/heartbeat
2026-06-20 10:08:43,810 [INFO] 方法: POST
2026-06-20 10:08:43,810 [INFO] Body 內容:
{"protocol_version": "1.0", "sequence": "000102", "timestamp": "2026-06-20 04:39:53.454", "priority": "128", "device": "RMS1.0"}
2026-06-20 10:08:43,810 [INFO] ==================================
2026-06-20 10:08:43,810 [INFO] 已回覆響應 [404]:
{
  "status": "error",
  "message": "找不到此端點"
}
2026-06-20 10:08:43,838 [INFO] 
======== 接收到 POST 請求 ========
2026-06-20 10:08:43,839 [INFO] 時間: 2026-06-20 10:08:43.838
2026-06-20 10:08:43,839 [INFO] 端點: /awd/rms/heartbeat
2026-06-20 10:08:43,839 [INFO] 方法: POST
2026-06-20 10:08:43,839 [INFO] Body 內容:
{"protocol_version": "1.0", "sequence": "000103", "timestamp": "2026-06-20 04:44:55.598", "priority": "128", "device": "RMS1.0"}
2026-06-20 10:08:43,839 [INFO] ==================================
2026-06-20 10:08:43,840 [INFO] 已回覆響應 [404]:
{
  "status": "error",
  "message": "找不到此端點"
}
2026-06-20 10:08:43,955 [INFO] 
======== 接收到 POST 請求 ========
2026-06-20 10:08:43,955 [INFO] 時間: 2026-06-20 10:08:43.954
2026-06-20 10:08:43,955 [INFO] 端點: /awd/rms/heartbeat
2026-06-20 10:08:43,955 [INFO] 方法: POST
2026-06-20 10:08:43,957 [INFO] Body 內容:
{"protocol_version": "1.0", "sequence": "000104", "timestamp": "2026-06-20 04:49:57.749", "priority": "128", "device": "RMS1.0"}
2026-06-20 10:08:43,957 [INFO] ==================================
2026-06-20 10:08:43,958 [INFO] 已回覆響應 [404]:
{
  "status": "error",
  "message": "找不到此端點"
}
2026-06-20 10:08:44,493 [INFO] 
======== 接收到 POST 請求 ========
2026-06-20 10:08:44,493 [INFO] 時間: 2026-06-20 10:08:44.493
2026-06-20 10:08:44,493 [INFO] 端點: /awd/rms/heartbeat
2026-06-20 10:08:44,493 [INFO] 方法: POST
2026-06-20 10:08:44,493 [INFO] Body 內容:
{"protocol_version": "1.0", "sequence": "000105", "timestamp": "2026-06-20 04:54:59.970", "priority": "128", "device": "RMS1.0"}
2026-06-20 10:08:44,493 [INFO] ==================================
2026-06-20 10:08:44,494 [INFO] 已回覆響應 [404]:
{
  "status": "error",
  "message": "找不到此端點"
}
2026-06-20 10:08:44,744 [INFO] 
======== 接收到 POST 請求 ========
2026-06-20 10:08:44,746 [INFO] 時間: 2026-06-20 10:08:44.744
2026-06-20 10:08:44,746 [INFO] 端點: /awd/rms/heartbeat
2026-06-20 10:08:44,746 [INFO] 方法: POST
2026-06-20 10:08:44,747 [INFO] Body 內容:
{"protocol_version": "1.0", "sequence": "000106", "timestamp": "2026-06-20 05:00:02.052", "priority": "128", "device": "RMS1.0"}
2026-06-20 10:08:44,747 [INFO] ==================================
2026-06-20 10:08:44,748 [INFO] 已回覆響應 [404]:
{
  "status": "error",
  "message": "找不到此端點"
}
2026-06-20 10:08:44,784 [INFO] 
======== 接收到 POST 請求 ========
2026-06-20 10:08:44,784 [INFO] 時間: 2026-06-20 10:08:44.784
2026-06-20 10:08:44,785 [INFO] 端點: /awd/rms/heartbeat
2026-06-20 10:08:44,785 [INFO] 方法: POST
2026-06-20 10:08:44,786 [INFO] Body 內容:
{"protocol_version": "1.0", "sequence": "000107", "timestamp": "2026-06-20 05:05:04.057", "priority": "128", "device": "RMS1.0"}
2026-06-20 10:08:44,786 [INFO] ==================================
2026-06-20 10:08:44,787 [INFO] 已回覆響應 [404]:
{
  "status": "error",
  "message": "找不到此端點"
}
2026-06-20 10:08:44,856 [INFO] 
======== 接收到 POST 請求 ========
2026-06-20 10:08:44,857 [INFO] 時間: 2026-06-20 10:08:44.855
2026-06-20 10:08:44,858 [INFO] 端點: /awd/rms/heartbeat
2026-06-20 10:08:44,858 [INFO] 方法: POST
2026-06-20 10:08:44,859 [INFO] Body 內容:
{"protocol_version": "1.0", "sequence": "000108", "timestamp": "2026-06-20 05:10:05.932", "priority": "128", "device": "RMS1.0"}
2026-06-20 10:08:44,860 [INFO] ==================================
2026-06-20 10:08:44,861 [INFO] 已回覆響應 [404]:
{
  "status": "error",
  "message": "找不到此端點"
}
2026-06-20 10:08:44,961 [INFO] 
======== 接收到 POST 請求 ========
2026-06-20 10:08:44,962 [INFO] 時間: 2026-06-20 10:08:44.961
2026-06-20 10:08:44,962 [INFO] 端點: /awd/rms/heartbeat
2026-06-20 10:08:44,962 [INFO] 方法: POST
2026-06-20 10:08:44,963 [INFO] Body 內容:
{"protocol_version": "1.0", "sequence": "000109", "timestamp": "2026-06-20 05:15:07.790", "priority": "128", "device": "RMS1.0"}
2026-06-20 10:08:44,976 [INFO] ==================================
2026-06-20 10:08:44,983 [INFO] 已回覆響應 [404]:
{
  "status": "error",
  "message": "找不到此端點"
}
2026-06-20 10:08:45,442 [INFO] 
======== 接收到 POST 請求 ========
2026-06-20 10:08:45,473 [INFO] 時間: 2026-06-20 10:08:45.442
2026-06-20 10:08:45,473 [INFO] 端點: /awd/rms/heartbeat
2026-06-20 10:08:45,473 [INFO] 方法: POST
2026-06-20 10:08:45,474 [INFO] Body 內容:
{"protocol_version": "1.0", "sequence": "000110", "timestamp": "2026-06-20 05:20:09.472", "priority": "128", "device": "RMS1.0"}
2026-06-20 10:08:45,520 [INFO] ==================================
2026-06-20 10:08:45,522 [INFO] 已回覆響應 [404]:
{
  "status": "error",
  "message": "找不到此端點"
}
2026-06-20 10:08:45,723 [INFO] 
======== 接收到 POST 請求 ========
2026-06-20 10:08:45,785 [INFO] 時間: 2026-06-20 10:08:45.723
2026-06-20 10:08:45,786 [INFO] 端點: /awd/rms/heartbeat
2026-06-20 10:08:45,786 [INFO] 方法: POST
2026-06-20 10:08:45,786 [INFO] Body 內容:
{"protocol_version": "1.0", "sequence": "000111", "timestamp": "2026-06-20 05:25:11.709", "priority": "128", "device": "RMS1.0"}
2026-06-20 10:08:45,786 [INFO] ==================================
2026-06-20 10:08:45,787 [INFO] 已回覆響應 [404]:
{
  "status": "error",
  "message": "找不到此端點"
}
2026-06-20 10:08:45,818 [INFO] 
======== 接收到 POST 請求 ========
2026-06-20 10:08:45,819 [INFO] 時間: 2026-06-20 10:08:45.818
2026-06-20 10:08:45,819 [INFO] 端點: /awd/rms/heartbeat
2026-06-20 10:08:45,820 [INFO] 方法: POST
2026-06-20 10:08:45,821 [INFO] Body 內容:
{"protocol_version": "1.0", "sequence": "000112", "timestamp": "2026-06-20 05:30:13.769", "priority": "128", "device": "RMS1.0"}
2026-06-20 10:08:45,821 [INFO] ==================================
2026-06-20 10:08:45,863 [INFO] 已回覆響應 [404]:
{
  "status": "error",
  "message": "找不到此端點"
}
2026-06-20 10:08:45,891 [INFO] 
======== 接收到 POST 請求 ========
2026-06-20 10:08:45,896 [INFO] 時間: 2026-06-20 10:08:45.891
2026-06-20 10:08:45,898 [INFO] 端點: /awd/rms/heartbeat
2026-06-20 10:08:45,898 [INFO] 方法: POST
2026-06-20 10:08:45,899 [INFO] Body 內容:
{"protocol_version": "1.0", "sequence": "000113", "timestamp": "2026-06-20 05:35:16.683", "priority": "128", "device": "RMS1.0"}
2026-06-20 10:08:45,899 [INFO] ==================================
2026-06-20 10:08:45,900 [INFO] 已回覆響應 [404]:
{
  "status": "error",
  "message": "找不到此端點"
}
2026-06-20 10:08:46,066 [INFO] 
======== 接收到 POST 請求 ========
2026-06-20 10:08:46,066 [INFO] 時間: 2026-06-20 10:08:46.066
2026-06-20 10:08:46,066 [INFO] 端點: /awd/rms/heartbeat
2026-06-20 10:08:46,081 [INFO] 方法: POST
2026-06-20 10:08:46,082 [INFO] Body 內容:
{"protocol_version": "1.0", "sequence": "000114", "timestamp": "2026-06-20 05:40:18.463", "priority": "128", "device": "RMS1.0"}
2026-06-20 10:08:46,128 [INFO] ==================================
2026-06-20 10:08:46,129 [INFO] 已回覆響應 [404]:
{
  "status": "error",
  "message": "找不到此端點"
}
2026-06-20 10:08:46,301 [INFO] 
======== 接收到 POST 請求 ========
2026-06-20 10:08:46,301 [INFO] 時間: 2026-06-20 10:08:46.300
2026-06-20 10:08:46,301 [INFO] 端點: /awd/rms/heartbeat
2026-06-20 10:08:46,303 [INFO] 方法: POST
2026-06-20 10:08:46,303 [INFO] Body 內容:
{"protocol_version": "1.0", "sequence": "000115", "timestamp": "2026-06-20 05:45:21.217", "priority": "128", "device": "RMS1.0"}
2026-06-20 10:08:46,304 [INFO] ==================================
2026-06-20 10:08:46,304 [INFO] 已回覆響應 [404]:
{
  "status": "error",
  "message": "找不到此端點"
}
2026-06-20 10:08:46,546 [INFO] 
======== 接收到 POST 請求 ========
2026-06-20 10:08:46,548 [INFO] 時間: 2026-06-20 10:08:46.546
2026-06-20 10:08:46,548 [INFO] 端點: /awd/rms/heartbeat
2026-06-20 10:08:46,549 [INFO] 方法: POST
2026-06-20 10:08:46,549 [INFO] Body 內容:
{"protocol_version": "1.0", "sequence": "000116", "timestamp": "2026-06-20 05:50:23.065", "priority": "128", "device": "RMS1.0"}
2026-06-20 10:08:46,549 [INFO] ==================================
2026-06-20 10:08:46,550 [INFO] 已回覆響應 [404]:
{
  "status": "error",
  "message": "找不到此端點"
}
2026-06-20 10:08:46,724 [INFO] 
======== 接收到 POST 請求 ========
2026-06-20 10:08:46,724 [INFO] 時間: 2026-06-20 10:08:46.724
2026-06-20 10:08:46,725 [INFO] 端點: /awd/rms/heartbeat
2026-06-20 10:08:46,725 [INFO] 方法: POST
2026-06-20 10:08:46,725 [INFO] Body 內容:
{"protocol_version": "1.0", "sequence": "000117", "timestamp": "2026-06-20 05:55:24.961", "priority": "128", "device": "RMS1.0"}
2026-06-20 10:08:46,725 [INFO] ==================================
2026-06-20 10:08:46,726 [INFO] 已回覆響應 [404]:
{
  "status": "error",
  "message": "找不到此端點"
}
2026-06-20 10:08:46,747 [INFO] 
======== 接收到 POST 請求 ========
2026-06-20 10:08:46,747 [INFO] 時間: 2026-06-20 10:08:46.747
2026-06-20 10:08:46,747 [INFO] 端點: /awd/rms/heartbeat
2026-06-20 10:08:46,747 [INFO] 方法: POST
2026-06-20 10:08:46,747 [INFO] Body 內容:
{"protocol_version": "1.0", "sequence": "000118", "timestamp": "2026-06-20 06:00:26.942", "priority": "128", "device": "RMS1.0"}
2026-06-20 10:08:46,748 [INFO] ==================================
2026-06-20 10:08:46,748 [INFO] 已回覆響應 [404]:
{
  "status": "error",
  "message": "找不到此端點"
}
2026-06-20 10:08:46,771 [INFO] 
======== 接收到 POST 請求 ========
2026-06-20 10:08:46,772 [INFO] 時間: 2026-06-20 10:08:46.771
2026-06-20 10:08:46,772 [INFO] 端點: /awd/rms/heartbeat
2026-06-20 10:08:46,772 [INFO] 方法: POST
2026-06-20 10:08:46,772 [INFO] Body 內容:
{"protocol_version": "1.0", "sequence": "000119", "timestamp": "2026-06-20 06:05:29.486", "priority": "128", "device": "RMS1.0"}
2026-06-20 10:08:46,772 [INFO] ==================================
2026-06-20 10:08:46,772 [INFO] 已回覆響應 [404]:
{
  "status": "error",
  "message": "找不到此端點"
}
2026-06-20 10:08:46,792 [INFO] 
======== 接收到 POST 請求 ========
2026-06-20 10:08:46,793 [INFO] 時間: 2026-06-20 10:08:46.792
2026-06-20 10:08:46,793 [INFO] 端點: /awd/rms/heartbeat
2026-06-20 10:08:46,793 [INFO] 方法: POST
2026-06-20 10:08:46,793 [INFO] Body 內容:
{"protocol_version": "1.0", "sequence": "000120", "timestamp": "2026-06-20 06:10:31.388", "priority": "128", "device": "RMS1.0"}
2026-06-20 10:08:46,793 [INFO] ==================================
2026-06-20 10:08:46,793 [INFO] 已回覆響應 [404]:
{
  "status": "error",
  "message": "找不到此端點"
}
2026-06-20 10:08:46,814 [INFO] 
======== 接收到 POST 請求 ========
2026-06-20 10:08:46,814 [INFO] 時間: 2026-06-20 10:08:46.814
2026-06-20 10:08:46,814 [INFO] 端點: /awd/rms/heartbeat
2026-06-20 10:08:46,814 [INFO] 方法: POST
2026-06-20 10:08:46,814 [INFO] Body 內容:
{"protocol_version": "1.0", "sequence": "000121", "timestamp": "2026-06-20 06:15:33.350", "priority": "128", "device": "RMS1.0"}
2026-06-20 10:08:46,814 [INFO] ==================================
2026-06-20 10:08:46,816 [INFO] 已回覆響應 [404]:
{
  "status": "error",
  "message": "找不到此端點"
}
2026-06-20 10:08:46,838 [INFO] 
======== 接收到 POST 請求 ========
2026-06-20 10:08:46,838 [INFO] 時間: 2026-06-20 10:08:46.838
2026-06-20 10:08:46,839 [INFO] 端點: /awd/rms/heartbeat
2026-06-20 10:08:46,839 [INFO] 方法: POST
2026-06-20 10:08:46,840 [INFO] Body 內容:
{"protocol_version": "1.0", "sequence": "000122", "timestamp": "2026-06-20 06:20:35.692", "priority": "128", "device": "RMS1.0"}
2026-06-20 10:08:46,840 [INFO] ==================================
2026-06-20 10:08:46,841 [INFO] 已回覆響應 [404]:
{
  "status": "error",
  "message": "找不到此端點"
}
2026-06-20 10:08:46,870 [INFO] 
======== 接收到 POST 請求 ========
2026-06-20 10:08:46,871 [INFO] 時間: 2026-06-20 10:08:46.870
2026-06-20 10:08:46,872 [INFO] 端點: /awd/rms/heartbeat
2026-06-20 10:08:46,872 [INFO] 方法: POST
2026-06-20 10:08:46,873 [INFO] Body 內容:
{"protocol_version": "1.0", "sequence": "000123", "timestamp": "2026-06-20 06:25:37.814", "priority": "128", "device": "RMS1.0"}
2026-06-20 10:08:46,873 [INFO] ==================================
2026-06-20 10:08:46,873 [INFO] 已回覆響應 [404]:
{
  "status": "error",
  "message": "找不到此端點"
}
2026-06-20 10:08:46,903 [INFO] 
======== 接收到 POST 請求 ========
2026-06-20 10:08:46,904 [INFO] 時間: 2026-06-20 10:08:46.903
2026-06-20 10:08:46,904 [INFO] 端點: /awd/rms/heartbeat
2026-06-20 10:08:46,904 [INFO] 方法: POST
2026-06-20 10:08:46,905 [INFO] Body 內容:
{"protocol_version": "1.0", "sequence": "000124", "timestamp": "2026-06-20 06:30:40.361", "priority": "128", "device": "RMS1.0"}
2026-06-20 10:08:46,905 [INFO] ==================================
2026-06-20 10:08:46,906 [INFO] 已回覆響應 [404]:
{
  "status": "error",
  "message": "找不到此端點"
}
2026-06-20 10:08:47,016 [INFO] 
======== 接收到 POST 請求 ========
2026-06-20 10:08:47,017 [INFO] 時間: 2026-06-20 10:08:47.016
2026-06-20 10:08:47,017 [INFO] 端點: /awd/rms/heartbeat
2026-06-20 10:08:47,018 [INFO] 方法: POST
2026-06-20 10:08:47,018 [INFO] Body 內容:
{"protocol_version": "1.0", "sequence": "000125", "timestamp": "2026-06-20 06:35:42.783", "priority": "128", "device": "RMS1.0"}
2026-06-20 10:08:47,018 [INFO] ==================================
2026-06-20 10:08:47,018 [INFO] 已回覆響應 [404]:
{
  "status": "error",
  "message": "找不到此端點"
}
2026-06-20 10:08:47,208 [INFO] 
======== 接收到 POST 請求 ========
2026-06-20 10:08:47,210 [INFO] 時間: 2026-06-20 10:08:47.208
2026-06-20 10:08:47,211 [INFO] 端點: /awd/rms/heartbeat
2026-06-20 10:08:47,211 [INFO] 方法: POST
2026-06-20 10:08:47,212 [INFO] Body 內容:
{"protocol_version": "1.0", "sequence": "000126", "timestamp": "2026-06-20 06:40:45.062", "priority": "128", "device": "RMS1.0"}
2026-06-20 10:08:47,212 [INFO] ==================================
2026-06-20 10:08:47,213 [INFO] 已回覆響應 [404]:
{
  "status": "error",
  "message": "找不到此端點"
}
2026-06-20 10:08:47,557 [INFO] 
======== 接收到 POST 請求 ========
2026-06-20 10:08:47,558 [INFO] 時間: 2026-06-20 10:08:47.557
2026-06-20 10:08:47,558 [INFO] 端點: /awd/rms/heartbeat
2026-06-20 10:08:47,558 [INFO] 方法: POST
2026-06-20 10:08:47,558 [INFO] Body 內容:
{"protocol_version": "1.0", "sequence": "000127", "timestamp": "2026-06-20 06:45:47.433", "priority": "128", "device": "RMS1.0"}
2026-06-20 10:08:47,558 [INFO] ==================================
2026-06-20 10:08:47,559 [INFO] 已回覆響應 [404]:
{
  "status": "error",
  "message": "找不到此端點"
}
2026-06-20 10:08:47,677 [INFO] 
======== 接收到 POST 請求 ========
2026-06-20 10:08:47,678 [INFO] 時間: 2026-06-20 10:08:47.677
2026-06-20 10:08:47,678 [INFO] 端點: /awd/rms/heartbeat
2026-06-20 10:08:47,678 [INFO] 方法: POST
2026-06-20 10:08:47,680 [INFO] Body 內容:
{"protocol_version": "1.0", "sequence": "000128", "timestamp": "2026-06-20 06:50:49.208", "priority": "128", "device": "RMS1.0"}
2026-06-20 10:08:47,681 [INFO] ==================================
2026-06-20 10:08:47,681 [INFO] 已回覆響應 [404]:
{
  "status": "error",
  "message": "找不到此端點"
}
2026-06-20 10:08:47,710 [INFO] 
======== 接收到 POST 請求 ========
2026-06-20 10:08:47,711 [INFO] 時間: 2026-06-20 10:08:47.710
2026-06-20 10:08:47,711 [INFO] 端點: /awd/rms/heartbeat
2026-06-20 10:08:47,711 [INFO] 方法: POST
2026-06-20 10:08:47,711 [INFO] Body 內容:
{"protocol_version": "1.0", "sequence": "000129", "timestamp": "2026-06-20 06:55:51.050", "priority": "128", "device": "RMS1.0"}
2026-06-20 10:08:47,711 [INFO] ==================================
2026-06-20 10:08:47,711 [INFO] 已回覆響應 [404]:
{
  "status": "error",
  "message": "找不到此端點"
}
2026-06-20 10:08:47,734 [INFO] 
======== 接收到 POST 請求 ========
2026-06-20 10:08:47,734 [INFO] 時間: 2026-06-20 10:08:47.734
2026-06-20 10:08:47,735 [INFO] 端點: /awd/rms/heartbeat
2026-06-20 10:08:47,735 [INFO] 方法: POST
2026-06-20 10:08:47,735 [INFO] Body 內容:
{"protocol_version": "1.0", "sequence": "000130", "timestamp": "2026-06-20 07:00:52.928", "priority": "128", "device": "RMS1.0"}
2026-06-20 10:08:47,735 [INFO] ==================================
2026-06-20 10:08:47,735 [INFO] 已回覆響應 [404]:
{
  "status": "error",
  "message": "找不到此端點"
}
2026-06-20 10:08:47,756 [INFO] 
======== 接收到 POST 請求 ========
2026-06-20 10:08:47,756 [INFO] 時間: 2026-06-20 10:08:47.756
2026-06-20 10:08:47,756 [INFO] 端點: /awd/rms/heartbeat
2026-06-20 10:08:47,756 [INFO] 方法: POST
2026-06-20 10:08:47,756 [INFO] Body 內容:
{"protocol_version": "1.0", "sequence": "000131", "timestamp": "2026-06-20 07:05:54.854", "priority": "128", "device": "RMS1.0"}
2026-06-20 10:08:47,756 [INFO] ==================================
2026-06-20 10:08:47,758 [INFO] 已回覆響應 [404]:
{
  "status": "error",
  "message": "找不到此端點"
}
2026-06-20 10:08:47,778 [INFO] 
======== 接收到 POST 請求 ========
2026-06-20 10:08:47,778 [INFO] 時間: 2026-06-20 10:08:47.778
2026-06-20 10:08:47,778 [INFO] 端點: /awd/rms/heartbeat
2026-06-20 10:08:47,778 [INFO] 方法: POST
2026-06-20 10:08:47,778 [INFO] Body 內容:
{"protocol_version": "1.0", "sequence": "000132", "timestamp": "2026-06-20 07:10:56.944", "priority": "128", "device": "RMS1.0"}
2026-06-20 10:08:47,778 [INFO] ==================================
2026-06-20 10:08:47,778 [INFO] 已回覆響應 [404]:
{
  "status": "error",
  "message": "找不到此端點"
}
2026-06-20 10:08:47,800 [INFO] 
======== 接收到 POST 請求 ========
2026-06-20 10:08:47,800 [INFO] 時間: 2026-06-20 10:08:47.800
2026-06-20 10:08:47,801 [INFO] 端點: /awd/rms/heartbeat
2026-06-20 10:08:47,801 [INFO] 方法: POST
2026-06-20 10:08:47,801 [INFO] Body 內容:
{"protocol_version": "1.0", "sequence": "000133", "timestamp": "2026-06-20 07:15:58.828", "priority": "128", "device": "RMS1.0"}
2026-06-20 10:08:47,801 [INFO] ==================================
2026-06-20 10:08:47,802 [INFO] 已回覆響應 [404]:
{
  "status": "error",
  "message": "找不到此端點"
}
2026-06-20 10:08:47,822 [INFO] 
======== 接收到 POST 請求 ========
2026-06-20 10:08:47,822 [INFO] 時間: 2026-06-20 10:08:47.822
2026-06-20 10:08:47,822 [INFO] 端點: /awd/rms/heartbeat
2026-06-20 10:08:47,822 [INFO] 方法: POST
2026-06-20 10:08:47,822 [INFO] Body 內容:
{"protocol_version": "1.0", "sequence": "000134", "timestamp": "2026-06-20 07:21:00.475", "priority": "128", "device": "RMS1.0"}
2026-06-20 10:08:47,822 [INFO] ==================================
2026-06-20 10:08:47,823 [INFO] 已回覆響應 [404]:
{
  "status": "error",
  "message": "找不到此端點"
}
2026-06-20 10:08:47,843 [INFO] 
======== 接收到 POST 請求 ========
2026-06-20 10:08:47,843 [INFO] 時間: 2026-06-20 10:08:47.843
2026-06-20 10:08:47,843 [INFO] 端點: /awd/rms/heartbeat
2026-06-20 10:08:47,845 [INFO] 方法: POST
2026-06-20 10:08:47,845 [INFO] Body 內容:
{"protocol_version": "1.0", "sequence": "000135", "timestamp": "2026-06-20 07:26:02.706", "priority": "128", "device": "RMS1.0"}
2026-06-20 10:08:47,845 [INFO] ==================================
2026-06-20 10:08:47,845 [INFO] 已回覆響應 [404]:
{
  "status": "error",
  "message": "找不到此端點"
}
2026-06-20 10:08:47,865 [INFO] 
======== 接收到 POST 請求 ========
2026-06-20 10:08:47,865 [INFO] 時間: 2026-06-20 10:08:47.865
2026-06-20 10:08:47,865 [INFO] 端點: /awd/rms/heartbeat
2026-06-20 10:08:47,865 [INFO] 方法: POST
2026-06-20 10:08:47,865 [INFO] Body 內容:
{"protocol_version": "1.0", "sequence": "000136", "timestamp": "2026-06-20 07:31:05.222", "priority": "128", "device": "RMS1.0"}
2026-06-20 10:08:47,865 [INFO] ==================================
2026-06-20 10:08:47,865 [INFO] 已回覆響應 [404]:
{
  "status": "error",
  "message": "找不到此端點"
}
2026-06-20 10:08:47,902 [INFO] 
======== 接收到 POST 請求 ========
2026-06-20 10:08:47,902 [INFO] 時間: 2026-06-20 10:08:47.902
2026-06-20 10:08:47,902 [INFO] 端點: /awd/rms/heartbeat
2026-06-20 10:08:47,902 [INFO] 方法: POST
2026-06-20 10:08:47,902 [INFO] Body 內容:
{"protocol_version": "1.0", "sequence": "000137", "timestamp": "2026-06-20 07:36:07.871", "priority": "128", "device": "RMS1.0"}
2026-06-20 10:08:47,902 [INFO] ==================================
2026-06-20 10:08:47,902 [INFO] 已回覆響應 [404]:
{
  "status": "error",
  "message": "找不到此端點"
}
2026-06-20 10:08:47,924 [INFO] 
======== 接收到 POST 請求 ========
2026-06-20 10:08:47,924 [INFO] 時間: 2026-06-20 10:08:47.924
2026-06-20 10:08:47,925 [INFO] 端點: /awd/rms/heartbeat
2026-06-20 10:08:47,925 [INFO] 方法: POST
2026-06-20 10:08:47,926 [INFO] Body 內容:
{"protocol_version": "1.0", "sequence": "000138", "timestamp": "2026-06-20 07:41:10.005", "priority": "128", "device": "RMS1.0"}
2026-06-20 10:08:47,926 [INFO] ==================================
2026-06-20 10:08:47,926 [INFO] 已回覆響應 [404]:
{
  "status": "error",
  "message": "找不到此端點"
}
2026-06-20 10:08:48,055 [INFO] 
======== 接收到 POST 請求 ========
2026-06-20 10:08:48,055 [INFO] 時間: 2026-06-20 10:08:48.055
2026-06-20 10:08:48,055 [INFO] 端點: /awd/rms/heartbeat
2026-06-20 10:08:48,055 [INFO] 方法: POST
2026-06-20 10:08:48,055 [INFO] Body 內容:
{"protocol_version": "1.0", "sequence": "000139", "timestamp": "2026-06-20 07:46:12.679", "priority": "128", "device": "RMS1.0"}
2026-06-20 10:08:48,056 [INFO] ==================================
2026-06-20 10:08:48,056 [INFO] 已回覆響應 [404]:
{
  "status": "error",
  "message": "找不到此端點"
}
2026-06-20 10:08:48,288 [INFO] 
======== 接收到 POST 請求 ========
2026-06-20 10:08:48,289 [INFO] 時間: 2026-06-20 10:08:48.288
2026-06-20 10:08:48,289 [INFO] 端點: /awd/rms/heartbeat
2026-06-20 10:08:48,290 [INFO] 方法: POST
2026-06-20 10:08:48,290 [INFO] Body 內容:
{"protocol_version": "1.0", "sequence": "000140", "timestamp": "2026-06-20 07:51:14.779", "priority": "128", "device": "RMS1.0"}
2026-06-20 10:08:48,290 [INFO] ==================================
2026-06-20 10:08:48,291 [INFO] 已回覆響應 [404]:
{
  "status": "error",
  "message": "找不到此端點"
}
2026-06-20 10:08:48,561 [INFO] 
======== 接收到 POST 請求 ========
2026-06-20 10:08:48,561 [INFO] 時間: 2026-06-20 10:08:48.561
2026-06-20 10:08:48,561 [INFO] 端點: /awd/rms/heartbeat
2026-06-20 10:08:48,562 [INFO] 方法: POST
2026-06-20 10:08:48,562 [INFO] Body 內容:
{"protocol_version": "1.0", "sequence": "000141", "timestamp": "2026-06-20 07:56:16.690", "priority": "128", "device": "RMS1.0"}
2026-06-20 10:08:48,562 [INFO] ==================================
2026-06-20 10:08:48,563 [INFO] 已回覆響應 [404]:
{
  "status": "error",
  "message": "找不到此端點"
}
2026-06-20 10:08:48,891 [INFO] 
======== 接收到 POST 請求 ========
2026-06-20 10:08:48,892 [INFO] 時間: 2026-06-20 10:08:48.891
2026-06-20 10:08:48,892 [INFO] 端點: /awd/rms/heartbeat
2026-06-20 10:08:48,893 [INFO] 方法: POST
2026-06-20 10:08:48,893 [INFO] Body 內容:
{"protocol_version": "1.0", "sequence": "000142", "timestamp": "2026-06-20 08:01:18.885", "priority": "128", "device": "RMS1.0"}
2026-06-20 10:08:48,894 [INFO] ==================================
2026-06-20 10:08:48,894 [INFO] 已回覆響應 [404]:
{
  "status": "error",
  "message": "找不到此端點"
}
2026-06-20 10:08:48,921 [INFO] 
======== 接收到 POST 請求 ========
2026-06-20 10:08:48,923 [INFO] 時間: 2026-06-20 10:08:48.921
2026-06-20 10:08:48,923 [INFO] 端點: /awd/rms/heartbeat
2026-06-20 10:08:48,923 [INFO] 方法: POST
2026-06-20 10:08:48,925 [INFO] Body 內容:
{"protocol_version": "1.0", "sequence": "000143", "timestamp": "2026-06-20 08:06:20.968", "priority": "128", "device": "RMS1.0"}
2026-06-20 10:08:48,931 [INFO] ==================================
2026-06-20 10:08:48,933 [INFO] 已回覆響應 [404]:
{
  "status": "error",
  "message": "找不到此端點"
}
2026-06-20 10:08:48,966 [INFO] 
======== 接收到 POST 請求 ========
2026-06-20 10:08:48,966 [INFO] 時間: 2026-06-20 10:08:48.966
2026-06-20 10:08:48,966 [INFO] 端點: /awd/rms/heartbeat
2026-06-20 10:08:48,967 [INFO] 方法: POST
2026-06-20 10:08:48,967 [INFO] Body 內容:
{"protocol_version": "1.0", "sequence": "000144", "timestamp": "2026-06-20 08:11:22.712", "priority": "128", "device": "RMS1.0"}
2026-06-20 10:08:48,968 [INFO] ==================================
2026-06-20 10:08:48,968 [INFO] 已回覆響應 [404]:
{
  "status": "error",
  "message": "找不到此端點"
}
2026-06-20 10:08:49,245 [INFO] 
======== 接收到 POST 請求 ========
2026-06-20 10:08:49,246 [INFO] 時間: 2026-06-20 10:08:49.245
2026-06-20 10:08:49,247 [INFO] 端點: /awd/rms/heartbeat
2026-06-20 10:08:49,248 [INFO] 方法: POST
2026-06-20 10:08:49,248 [INFO] Body 內容:
{"protocol_version": "1.0", "sequence": "000145", "timestamp": "2026-06-20 08:16:25.039", "priority": "128", "device": "RMS1.0"}
2026-06-20 10:08:49,248 [INFO] ==================================
2026-06-20 10:08:49,248 [INFO] 已回覆響應 [404]:
{
  "status": "error",
  "message": "找不到此端點"
}
2026-06-20 10:08:49,657 [INFO] 
======== 接收到 POST 請求 ========
2026-06-20 10:08:49,657 [INFO] 時間: 2026-06-20 10:08:49.656
2026-06-20 10:08:49,657 [INFO] 端點: /awd/rms/heartbeat
2026-06-20 10:08:49,659 [INFO] 方法: POST
2026-06-20 10:08:49,659 [INFO] Body 內容:
{"protocol_version": "1.0", "sequence": "000146", "timestamp": "2026-06-20 08:21:26.938", "priority": "128", "device": "RMS1.0"}
2026-06-20 10:08:49,660 [INFO] ==================================
2026-06-20 10:08:49,660 [INFO] 已回覆響應 [404]:
{
  "status": "error",
  "message": "找不到此端點"
}
2026-06-20 10:08:49,891 [INFO] 
======== 接收到 POST 請求 ========
2026-06-20 10:08:49,891 [INFO] 時間: 2026-06-20 10:08:49.890
2026-06-20 10:08:49,892 [INFO] 端點: /awd/rms/heartbeat
2026-06-20 10:08:49,892 [INFO] 方法: POST
2026-06-20 10:08:49,893 [INFO] Body 內容:
{"protocol_version": "1.0", "sequence": "000147", "timestamp": "2026-06-20 08:26:28.565", "priority": "128", "device": "RMS1.0"}
2026-06-20 10:08:49,893 [INFO] ==================================
2026-06-20 10:08:49,894 [INFO] 已回覆響應 [404]:
{
  "status": "error",
  "message": "找不到此端點"
}
2026-06-20 10:08:50,027 [INFO] 
======== 接收到 POST 請求 ========
2026-06-20 10:08:50,027 [INFO] 時間: 2026-06-20 10:08:50.027
2026-06-20 10:08:50,028 [INFO] 端點: /awd/rms/heartbeat
2026-06-20 10:08:50,028 [INFO] 方法: POST
2026-06-20 10:08:50,029 [INFO] Body 內容:
{"protocol_version": "1.0", "sequence": "000148", "timestamp": "2026-06-20 08:31:30.405", "priority": "128", "device": "RMS1.0"}
2026-06-20 10:08:50,032 [INFO] ==================================
2026-06-20 10:08:50,035 [INFO] 已回覆響應 [404]:
{
  "status": "error",
  "message": "找不到此端點"
}
2026-06-20 10:08:50,472 [INFO] 
======== 接收到 POST 請求 ========
2026-06-20 10:08:50,473 [INFO] 時間: 2026-06-20 10:08:50.472
2026-06-20 10:08:50,473 [INFO] 端點: /awd/rms/heartbeat
2026-06-20 10:08:50,474 [INFO] 方法: POST
2026-06-20 10:08:50,474 [INFO] Body 內容:
{"protocol_version": "1.0", "sequence": "000149", "timestamp": "2026-06-20 08:36:32.336", "priority": "128", "device": "RMS1.0"}
2026-06-20 10:08:50,475 [INFO] ==================================
2026-06-20 10:08:50,475 [INFO] 已回覆響應 [404]:
{
  "status": "error",
  "message": "找不到此端點"
}
2026-06-20 10:08:50,574 [INFO] 
======== 接收到 POST 請求 ========
2026-06-20 10:08:50,574 [INFO] 時間: 2026-06-20 10:08:50.574
2026-06-20 10:08:50,575 [INFO] 端點: /awd/rms/heartbeat
2026-06-20 10:08:50,575 [INFO] 方法: POST
2026-06-20 10:08:50,575 [INFO] Body 內容:
{"protocol_version": "1.0", "sequence": "000150", "timestamp": "2026-06-20 08:41:34.688", "priority": "128", "device": "RMS1.0"}
2026-06-20 10:08:50,575 [INFO] ==================================
2026-06-20 10:08:50,575 [INFO] 已回覆響應 [404]:
{
  "status": "error",
  "message": "找不到此端點"
}
2026-06-20 10:08:50,686 [INFO] 
======== 接收到 POST 請求 ========
2026-06-20 10:08:50,687 [INFO] 時間: 2026-06-20 10:08:50.686
2026-06-20 10:08:50,688 [INFO] 端點: /awd/rms/heartbeat
2026-06-20 10:08:50,688 [INFO] 方法: POST
2026-06-20 10:08:50,688 [INFO] Body 內容:
{"protocol_version": "1.0", "sequence": "000151", "timestamp": "2026-06-20 08:46:36.527", "priority": "128", "device": "RMS1.0"}
2026-06-20 10:08:50,688 [INFO] ==================================
2026-06-20 10:08:50,688 [INFO] 已回覆響應 [404]:
{
  "status": "error",
  "message": "找不到此端點"
}
2026-06-20 10:08:50,773 [INFO] 
======== 接收到 POST 請求 ========
2026-06-20 10:08:50,773 [INFO] 時間: 2026-06-20 10:08:50.772
2026-06-20 10:08:50,774 [INFO] 端點: /awd/rms/heartbeat
2026-06-20 10:08:50,774 [INFO] 方法: POST
2026-06-20 10:08:50,775 [INFO] Body 內容:
{"protocol_version": "1.0", "sequence": "000152", "timestamp": "2026-06-20 08:51:38.277", "priority": "128", "device": "RMS1.0"}
2026-06-20 10:08:50,776 [INFO] ==================================
2026-06-20 10:08:50,776 [INFO] 已回覆響應 [404]:
{
  "status": "error",
  "message": "找不到此端點"
}
2026-06-20 10:08:50,864 [INFO] 
======== 接收到 POST 請求 ========
2026-06-20 10:08:50,865 [INFO] 時間: 2026-06-20 10:08:50.864
2026-06-20 10:08:50,865 [INFO] 端點: /awd/rms/heartbeat
2026-06-20 10:08:50,866 [INFO] 方法: POST
2026-06-20 10:08:50,866 [INFO] Body 內容:
{"protocol_version": "1.0", "sequence": "000153", "timestamp": "2026-06-20 08:56:40.618", "priority": "128", "device": "RMS1.0"}
2026-06-20 10:08:50,866 [INFO] ==================================
2026-06-20 10:08:50,868 [INFO] 已回覆響應 [404]:
{
  "status": "error",
  "message": "找不到此端點"
}
2026-06-20 10:08:50,889 [INFO] 
======== 接收到 POST 請求 ========
2026-06-20 10:08:50,889 [INFO] 時間: 2026-06-20 10:08:50.889
2026-06-20 10:08:50,890 [INFO] 端點: /awd/rms/heartbeat
2026-06-20 10:08:50,890 [INFO] 方法: POST
2026-06-20 10:08:50,890 [INFO] Body 內容:
{"protocol_version": "1.0", "sequence": "000154", "timestamp": "2026-06-20 09:01:42.707", "priority": "128", "device": "RMS1.0"}
2026-06-20 10:08:50,890 [INFO] ==================================
2026-06-20 10:08:50,892 [INFO] 已回覆響應 [404]:
{
  "status": "error",
  "message": "找不到此端點"
}
2026-06-20 10:08:50,921 [INFO] 
======== 接收到 POST 請求 ========
2026-06-20 10:08:50,922 [INFO] 時間: 2026-06-20 10:08:50.921
2026-06-20 10:08:50,922 [INFO] 端點: /awd/rms/heartbeat
2026-06-20 10:08:50,923 [INFO] 方法: POST
2026-06-20 10:08:50,924 [INFO] Body 內容:
{"protocol_version": "1.0", "sequence": "000155", "timestamp": "2026-06-20 09:06:45.654", "priority": "128", "device": "RMS1.0"}
2026-06-20 10:08:50,924 [INFO] ==================================
2026-06-20 10:08:50,925 [INFO] 已回覆響應 [404]:
{
  "status": "error",
  "message": "找不到此端點"
}
2026-06-20 10:08:50,953 [INFO] 
======== 接收到 POST 請求 ========
2026-06-20 10:08:50,953 [INFO] 時間: 2026-06-20 10:08:50.953
2026-06-20 10:08:50,954 [INFO] 端點: /awd/rms/heartbeat
2026-06-20 10:08:50,954 [INFO] 方法: POST
2026-06-20 10:08:50,955 [INFO] Body 內容:
{"protocol_version": "1.0", "sequence": "000156", "timestamp": "2026-06-20 09:11:47.740", "priority": "128", "device": "RMS1.0"}
2026-06-20 10:08:50,956 [INFO] ==================================
2026-06-20 10:08:50,956 [INFO] 已回覆響應 [404]:
{
  "status": "error",
  "message": "找不到此端點"
}
2026-06-20 10:08:50,979 [INFO] 
======== 接收到 POST 請求 ========
2026-06-20 10:08:50,979 [INFO] 時間: 2026-06-20 10:08:50.979
2026-06-20 10:08:50,985 [INFO] 端點: /awd/rms/heartbeat
2026-06-20 10:08:50,985 [INFO] 方法: POST
2026-06-20 10:08:50,986 [INFO] Body 內容:
{"protocol_version": "1.0", "sequence": "000157", "timestamp": "2026-06-20 09:16:49.927", "priority": "128", "device": "RMS1.0"}
2026-06-20 10:08:50,986 [INFO] ==================================
2026-06-20 10:08:50,988 [INFO] 已回覆響應 [404]:
{
  "status": "error",
  "message": "找不到此端點"
}
2026-06-20 10:08:51,023 [INFO] 
======== 接收到 POST 請求 ========
2026-06-20 10:08:51,023 [INFO] 時間: 2026-06-20 10:08:51.023
2026-06-20 10:08:51,024 [INFO] 端點: /awd/rms/heartbeat
2026-06-20 10:08:51,024 [INFO] 方法: POST
2026-06-20 10:08:51,024 [INFO] Body 內容:
{"protocol_version": "1.0", "sequence": "000158", "timestamp": "2026-06-20 09:21:52.029", "priority": "128", "device": "RMS1.0"}
2026-06-20 10:08:51,024 [INFO] ==================================
2026-06-20 10:08:51,024 [INFO] 已回覆響應 [404]:
{
  "status": "error",
  "message": "找不到此端點"
}
2026-06-20 10:08:51,109 [INFO] 
======== 接收到 POST 請求 ========
2026-06-20 10:08:51,109 [INFO] 時間: 2026-06-20 10:08:51.109
2026-06-20 10:08:51,109 [INFO] 端點: /awd/rms/heartbeat
2026-06-20 10:08:51,109 [INFO] 方法: POST
2026-06-20 10:08:51,109 [INFO] Body 內容:
{"protocol_version": "1.0", "sequence": "000159", "timestamp": "2026-06-20 09:26:53.800", "priority": "128", "device": "RMS1.0"}
2026-06-20 10:08:51,109 [INFO] ==================================
2026-06-20 10:08:51,111 [INFO] 已回覆響應 [404]:
{
  "status": "error",
  "message": "找不到此端點"
}
2026-06-20 10:08:51,224 [INFO] 
======== 接收到 POST 請求 ========
2026-06-20 10:08:51,225 [INFO] 時間: 2026-06-20 10:08:51.224
2026-06-20 10:08:51,225 [INFO] 端點: /awd/rms/heartbeat
2026-06-20 10:08:51,225 [INFO] 方法: POST
2026-06-20 10:08:51,225 [INFO] Body 內容:
{"protocol_version": "1.0", "sequence": "000160", "timestamp": "2026-06-20 09:31:56.697", "priority": "128", "device": "RMS1.0"}
2026-06-20 10:08:51,226 [INFO] ==================================
2026-06-20 10:08:51,226 [INFO] 已回覆響應 [404]:
{
  "status": "error",
  "message": "找不到此端點"
}
2026-06-20 10:08:51,313 [INFO] 
======== 接收到 POST 請求 ========
2026-06-20 10:08:51,314 [INFO] 時間: 2026-06-20 10:08:51.312
2026-06-20 10:08:51,315 [INFO] 端點: /awd/rms/heartbeat
2026-06-20 10:08:51,315 [INFO] 方法: POST
2026-06-20 10:08:51,315 [INFO] Body 內容:
{"protocol_version": "1.0", "sequence": "000161", "timestamp": "2026-06-20 09:36:58.548", "priority": "128", "device": "RMS1.0"}
2026-06-20 10:08:51,315 [INFO] ==================================
2026-06-20 10:08:51,315 [INFO] 已回覆響應 [404]:
{
  "status": "error",
  "message": "找不到此端點"
}
2026-06-20 10:08:51,702 [INFO] 
======== 接收到 POST 請求 ========
2026-06-20 10:08:51,703 [INFO] 時間: 2026-06-20 10:08:51.702
2026-06-20 10:08:51,703 [INFO] 端點: /awd/rms/heartbeat
2026-06-20 10:08:51,703 [INFO] 方法: POST
2026-06-20 10:08:51,703 [INFO] Body 內容:
{"protocol_version": "1.0", "sequence": "000162", "timestamp": "2026-06-20 09:42:00.472", "priority": "128", "device": "RMS1.0"}
2026-06-20 10:08:51,704 [INFO] ==================================
2026-06-20 10:08:51,704 [INFO] 已回覆響應 [404]:
{
  "status": "error",
  "message": "找不到此端點"
}
2026-06-20 10:08:51,729 [INFO] 
======== 接收到 POST 請求 ========
2026-06-20 10:08:51,729 [INFO] 時間: 2026-06-20 10:08:51.729
2026-06-20 10:08:51,730 [INFO] 端點: /awd/rms/heartbeat
2026-06-20 10:08:51,730 [INFO] 方法: POST
2026-06-20 10:08:51,730 [INFO] Body 內容:
{"protocol_version": "1.0", "sequence": "000163", "timestamp": "2026-06-20 09:47:02.218", "priority": "128", "device": "RMS1.0"}
2026-06-20 10:08:51,731 [INFO] ==================================
2026-06-20 10:08:51,731 [INFO] 已回覆響應 [404]:
{
  "status": "error",
  "message": "找不到此端點"
}
2026-06-20 10:08:51,758 [INFO] 
======== 接收到 POST 請求 ========
2026-06-20 10:08:51,758 [INFO] 時間: 2026-06-20 10:08:51.758
2026-06-20 10:08:51,759 [INFO] 端點: /awd/rms/heartbeat
2026-06-20 10:08:51,759 [INFO] 方法: POST
2026-06-20 10:08:51,759 [INFO] Body 內容:
{"protocol_version": "1.0", "sequence": "000164", "timestamp": "2026-06-20 09:52:04.528", "priority": "128", "device": "RMS1.0"}
2026-06-20 10:08:51,760 [INFO] ==================================
2026-06-20 10:08:51,760 [INFO] 已回覆響應 [404]:
{
  "status": "error",
  "message": "找不到此端點"
}
2026-06-20 10:08:51,779 [INFO] 
======== 接收到 POST 請求 ========
2026-06-20 10:08:51,779 [INFO] 時間: 2026-06-20 10:08:51.779
2026-06-20 10:08:51,779 [INFO] 端點: /awd/rms/heartbeat
2026-06-20 10:08:51,779 [INFO] 方法: POST
2026-06-20 10:08:51,779 [INFO] Body 內容:
{"protocol_version": "1.0", "sequence": "000165", "timestamp": "2026-06-20 09:57:07.987", "priority": "128", "device": "RMS1.0"}
2026-06-20 10:08:51,780 [INFO] ==================================
2026-06-20 10:08:51,780 [INFO] 已回覆響應 [404]:
{
  "status": "error",
  "message": "找不到此端點"
}
2026-06-20 10:08:51,800 [INFO] 
======== 接收到 POST 請求 ========
2026-06-20 10:08:51,800 [INFO] 時間: 2026-06-20 10:08:51.800
2026-06-20 10:08:51,801 [INFO] 端點: /awd/rms/heartbeat
2026-06-20 10:08:51,801 [INFO] 方法: POST
2026-06-20 10:08:51,801 [INFO] Body 內容:
{"protocol_version": "1.0", "sequence": "000166", "timestamp": "2026-06-20 10:02:13.710", "priority": "128", "device": "RMS1.0"}
2026-06-20 10:08:51,801 [INFO] ==================================
2026-06-20 10:08:51,801 [INFO] 已回覆響應 [404]:
{
  "status": "error",
  "message": "找不到此端點"
}
2026-06-20 10:08:51,840 [INFO] 
======== 接收到 POST 請求 ========
2026-06-20 10:08:51,842 [INFO] 時間: 2026-06-20 10:08:51.840
2026-06-20 10:08:51,843 [INFO] 端點: /awd/rms/heartbeat
2026-06-20 10:08:51,844 [INFO] 方法: POST
2026-06-20 10:08:51,844 [INFO] Body 內容:
{"protocol_version": "1.0", "sequence": "000167", "timestamp": "2026-06-20 10:07:19.656", "priority": "128", "device": "RMS1.0"}
2026-06-20 10:08:51,845 [INFO] ==================================
2026-06-20 10:08:51,846 [INFO] 已回覆響應 [404]:
{
  "status": "error",
  "message": "找不到此端點"
}
2026-06-20 10:08:59,024 [INFO] WCS 模擬器正在關閉...
2026-06-20 10:09:05,793 [INFO] WCS 模擬伺服器已啟動，監聽 Port: 31112 ...
2026-06-20 10:09:34,931 [INFO] 成功自 mission.json 載入自訂子任務組合，共 8 個步驟。
2026-06-20 10:09:34,931 [INFO] 
[主動派工] 向 RMS 發送任務請求 (sequence: M20260620_01)...
2026-06-20 10:09:35,269 [INFO] HTTP POST 成功 -> http://192.168.168.63:31111/awd/rms/set_mission_request
回應狀態: 200
回應內容:
{"priority":"128","protocol_version":"1.0","reason":"OK","reply":"ACK","sequence":"M20260620_01","sub_missions":[{"action":"start","space":"Repaer-A-0"},{"action":"load","space":"Repaer-A-0"},{"action":"idle","space":"Repaer-B-0"},{"action":"unload","space":"GL-01-0"},{"action":"idle","space":"Repaer-B-0"},{"action":"load","space":"GL-01-0"},{"action":"unload","space":"GD-01-0"},{"action":"end","space":"GC-01-0"}],"timestamp":"2026-06-20 10:09:35.236"}

2026-06-20 10:09:35,535 [INFO] 
======== 接收到 POST 請求 ========
2026-06-20 10:09:35,536 [INFO] 時間: 2026-06-20 10:09:35.535
2026-06-20 10:09:35,536 [INFO] 端點: /awd/rms/set_mission_result
2026-06-20 10:09:35,537 [INFO] 方法: POST
2026-06-20 10:09:35,537 [INFO] Body 內容:
{"protocol_version": "2.0", "sequence": "M20260620_01", "timestamp": "2026-06-20 10:09:35.332", "priority": "128", "amr": "NA", "space": "NA", "action": "NA", "result": "NG", "reason": "request_pkt matched no zone."}
2026-06-20 10:09:35,537 [INFO] ==================================
2026-06-20 10:09:35,538 [INFO] 已回覆響應 [200]:
{
  "status": "success",
  "message": "成功收到步驟 NA 的結果"
}
2026-06-20 10:09:35,540 [INFO] 
[等待延遲] 依設定於發送 ACK 前，先等待 10.0 秒...
2026-06-20 10:09:45,332 [INFO] 
======== 接收到 POST 請求 ========
2026-06-20 10:09:45,333 [INFO] 時間: 2026-06-20 10:09:45.332
2026-06-20 10:09:45,333 [INFO] 端點: /awd/rms/set_mission_result
2026-06-20 10:09:45,334 [INFO] 方法: POST
2026-06-20 10:09:45,334 [INFO] Body 內容:
{"protocol_version": "2.0", "sequence": "M20260620_01", "timestamp": "2026-06-20 10:09:35.332", "priority": "128", "amr": "NA", "space": "NA", "action": "NA", "result": "NG", "reason": "request_pkt matched no zone."}
2026-06-20 10:09:45,334 [INFO] ==================================
2026-06-20 10:09:45,335 [INFO] 已回覆響應 [200]:
{
  "status": "success",
  "message": "成功收到步驟 NA 的結果"
}
2026-06-20 10:09:45,336 [INFO] 
[等待延遲] 依設定於發送 ACK 前，先等待 10.0 秒...
2026-06-20 10:09:45,542 [INFO] 
[發送確認] 非同步發送 ACK (action='NA') 給 RMS...
2026-06-20 10:09:45,816 [INFO] HTTP POST 成功 -> http://192.168.168.63:31111/awd/rms/set_mission_ack
回應狀態: 200
回應內容:
{"message":"OK"}

2026-06-20 10:09:55,337 [INFO] 
[發送確認] 非同步發送 ACK (action='NA') 給 RMS...
2026-06-20 10:09:55,622 [INFO] HTTP POST 成功 -> http://192.168.168.63:31111/awd/rms/set_mission_ack
回應狀態: 200
回應內容:
{"message":"OK"}

2026-06-20 10:10:48,295 [INFO] WCS 模擬器正在關閉...
2026-06-20 10:12:24,543 [INFO] WCS 模擬伺服器已啟動，監聽 Port: 31112 ...
2026-06-20 10:12:25,217 [INFO] 
======== 接收到 POST 請求 ========
2026-06-20 10:12:25,218 [INFO] 時間: 2026-06-20 10:12:25.216
2026-06-20 10:12:25,218 [INFO] 端點: /awd/rms/online
2026-06-20 10:12:25,219 [INFO] 方法: POST
2026-06-20 10:12:25,219 [INFO] Body 內容:
{"protocol_version": "1.0", "sequence": "000002", "timestamp": "2026-06-20 10:12:12.827", "priority": "128", "device": "RMS1.0", "status": "local"}
2026-06-20 10:12:25,219 [INFO] ==================================
2026-06-20 10:12:25,220 [INFO] 已回覆響應 [404]:
{
  "status": "error",
  "message": "找不到此端點"
}
2026-06-20 10:12:25,572 [INFO] 
======== 接收到 POST 請求 ========
2026-06-20 10:12:25,573 [INFO] 時間: 2026-06-20 10:12:25.572
2026-06-20 10:12:25,574 [INFO] 端點: /awd/rms/heartbeat
2026-06-20 10:12:25,574 [INFO] 方法: POST
2026-06-20 10:12:25,575 [INFO] Body 內容:
{"protocol_version": "1.0", "sequence": "000001", "timestamp": "2026-06-20 10:12:12.827", "priority": "128", "device": "RMS1.0"}
2026-06-20 10:12:25,575 [INFO] ==================================
2026-06-20 10:12:25,575 [INFO] 已回覆響應 [404]:
{
  "status": "error",
  "message": "找不到此端點"
}
2026-06-20 10:12:25,632 [INFO] 
======== 接收到 POST 請求 ========
2026-06-20 10:12:25,632 [INFO] 時間: 2026-06-20 10:12:25.632
2026-06-20 10:12:25,632 [INFO] 端點: /awd/rms/online
2026-06-20 10:12:25,633 [INFO] 方法: POST
2026-06-20 10:12:25,633 [INFO] Body 內容:
{"protocol_version": "1.0", "sequence": "000003", "timestamp": "2026-06-20 10:12:22.933", "priority": "128", "device": "RMS1.0", "status": "remote"}
2026-06-20 10:12:25,633 [INFO] ==================================
2026-06-20 10:12:25,634 [INFO] 已回覆響應 [404]:
{
  "status": "error",
  "message": "找不到此端點"
}
2026-06-20 10:13:09,213 [INFO] 成功自 mission.json 載入自訂子任務組合，共 8 個步驟。
2026-06-20 10:13:09,214 [INFO] 
[主動派工] 向 RMS 發送任務請求 (sequence: 20260620_01)...
2026-06-20 10:13:09,686 [INFO] HTTP POST 成功 -> http://192.168.168.63:31111/awd/rms/set_mission_request
回應狀態: 200
回應內容:
{"priority":"128","protocol_version":"1.0","reason":"OK","reply":"ACK","sequence":"20260620_01","sub_missions":[{"action":"start","space":"Repeat-A-0"},{"action":"load","space":"Repeat-A-0"},{"action":"idle","space":"Repeat-B-0"},{"action":"unload","space":"GL-01-0"},{"action":"idle","space":"Repeat-B-0"},{"action":"load","space":"GL-01-0"},{"action":"unload","space":"GD-01-0"},{"action":"end","space":"GC-01-0"}],"timestamp":"2026-06-20 10:13:09.700"}

2026-06-20 10:13:10,130 [INFO] 
======== 接收到 POST 請求 ========
2026-06-20 10:13:10,131 [INFO] 時間: 2026-06-20 10:13:10.130
2026-06-20 10:13:10,131 [INFO] 端點: /awd/rms/set_mission_result
2026-06-20 10:13:10,131 [INFO] 方法: POST
2026-06-20 10:13:10,131 [INFO] Body 內容:
{"protocol_version": "2.0", "sequence": "20260620_01", "timestamp": "2026-06-20 10:13:09.824", "priority": "128", "amr": "r16s01", "space": "Repeat-A-0", "action": "start", "result": "OK", "reason": "NA"}
2026-06-20 10:13:10,131 [INFO] ==================================
2026-06-20 10:13:10,132 [INFO] 已回覆響應 [200]:
{
  "status": "success",
  "message": "成功收到步驟 start 的結果"
}
2026-06-20 10:13:10,133 [INFO] 
[等待延遲] 依設定於發送 ACK 前，先等待 10.0 秒...
2026-06-20 10:13:20,066 [INFO] 
======== 接收到 POST 請求 ========
2026-06-20 10:13:20,066 [INFO] 時間: 2026-06-20 10:13:20.066
2026-06-20 10:13:20,069 [INFO] 端點: /awd/rms/set_mission_result
2026-06-20 10:13:20,069 [INFO] 方法: POST
2026-06-20 10:13:20,070 [INFO] Body 內容:
{"protocol_version": "2.0", "sequence": "20260620_01", "timestamp": "2026-06-20 10:13:09.824", "priority": "128", "amr": "r16s01", "space": "Repeat-A-0", "action": "start", "result": "OK", "reason": "NA"}
2026-06-20 10:13:20,070 [INFO] ==================================
2026-06-20 10:13:20,071 [INFO] 已回覆響應 [200]:
{
  "status": "success",
  "message": "成功收到步驟 start 的結果"
}
2026-06-20 10:13:20,073 [INFO] 
[等待延遲] 依設定於發送 ACK 前，先等待 10.0 秒...
2026-06-20 10:13:20,134 [INFO] 
[發送確認] 非同步發送 ACK (action='start') 給 RMS...
2026-06-20 10:13:20,261 [INFO] HTTP POST 成功 -> http://192.168.168.63:31111/awd/rms/set_mission_ack
回應狀態: 200
回應內容:
{"message":"OK"}

2026-06-20 10:13:30,075 [INFO] 
[發送確認] 非同步發送 ACK (action='start') 給 RMS...
2026-06-20 10:13:31,061 [INFO] HTTP POST 成功 -> http://192.168.168.63:31111/awd/rms/set_mission_ack
回應狀態: 200
回應內容:
{"message":"OK"}

2026-06-20 10:13:53,325 [INFO] 
======== 接收到 POST 請求 ========
2026-06-20 10:13:53,327 [INFO] 時間: 2026-06-20 10:13:53.325
2026-06-20 10:13:53,327 [INFO] 端點: /awd/rms/set_mission_result
2026-06-20 10:13:53,328 [INFO] 方法: POST
2026-06-20 10:13:53,328 [INFO] Body 內容:
{"protocol_version": "2.0", "sequence": "20260620_01", "timestamp": "2026-06-20 10:13:53.292", "priority": "128", "amr": "r16s01", "space": "Repeat-A-0", "action": "load", "result": "OK", "reason": "NA"}
2026-06-20 10:13:53,328 [INFO] ==================================
2026-06-20 10:13:53,329 [INFO] 已回覆響應 [200]:
{
  "status": "success",
  "message": "成功收到步驟 load 的結果"
}
2026-06-20 10:13:53,330 [INFO] 
[等待延遲] 依設定於發送 ACK 前，先等待 10.0 秒...
2026-06-20 10:14:03,331 [INFO] 
[發送確認] 非同步發送 ACK (action='load') 給 RMS...
2026-06-20 10:14:03,936 [INFO] 
======== 接收到 POST 請求 ========
2026-06-20 10:14:03,936 [INFO] 時間: 2026-06-20 10:14:03.936
2026-06-20 10:14:03,937 [INFO] 端點: /awd/rms/set_mission_result
2026-06-20 10:14:03,938 [INFO] 方法: POST
2026-06-20 10:14:03,938 [INFO] Body 內容:
{"protocol_version": "2.0", "sequence": "20260620_01", "timestamp": "2026-06-20 10:13:53.292", "priority": "128", "amr": "r16s01", "space": "Repeat-A-0", "action": "load", "result": "OK", "reason": "NA"}
2026-06-20 10:14:03,938 [INFO] ==================================
2026-06-20 10:14:03,939 [INFO] 已回覆響應 [200]:
{
  "status": "success",
  "message": "成功收到步驟 load 的結果"
}
2026-06-20 10:14:03,939 [INFO] 
[等待延遲] 依設定於發送 ACK 前，先等待 10.0 秒...
2026-06-20 10:14:04,674 [INFO] HTTP POST 成功 -> http://192.168.168.63:31111/awd/rms/set_mission_ack
回應狀態: 200
回應內容:
{"message":"OK"}

2026-06-20 10:14:13,941 [INFO] 
[發送確認] 非同步發送 ACK (action='load') 給 RMS...
2026-06-20 10:14:14,057 [INFO] HTTP POST 成功 -> http://192.168.168.63:31111/awd/rms/set_mission_ack
回應狀態: 200
回應內容:
{"message":"OK"}

2026-06-20 10:14:14,119 [INFO] 
======== 接收到 POST 請求 ========
2026-06-20 10:14:14,119 [INFO] 時間: 2026-06-20 10:14:14.119
2026-06-20 10:14:14,119 [INFO] 端點: /awd/rms/set_mission_result
2026-06-20 10:14:14,120 [INFO] 方法: POST
2026-06-20 10:14:14,120 [INFO] Body 內容:
{"protocol_version": "2.0", "sequence": "20260620_01", "timestamp": "2026-06-20 10:14:14.196", "priority": "128", "amr": "r16s01", "space": "Repeat-B-0", "action": "idle", "result": "OK", "reason": "NA"}
2026-06-20 10:14:14,120 [INFO] ==================================
2026-06-20 10:14:14,121 [INFO] 已回覆響應 [200]:
{
  "status": "success",
  "message": "成功收到步驟 idle 的結果"
}
2026-06-20 10:14:14,122 [INFO] 
[等待延遲] 依設定於發送 ACK 前，先等待 10.0 秒...
2026-06-20 10:14:24,123 [INFO] 
[發送確認] 非同步發送 ACK (action='idle') 給 RMS...
2026-06-20 10:14:24,627 [INFO] HTTP POST 成功 -> http://192.168.168.63:31111/awd/rms/set_mission_ack
回應狀態: 200
回應內容:
{"message":"OK"}

2026-06-20 10:14:24,662 [INFO] 
======== 接收到 POST 請求 ========
2026-06-20 10:14:24,662 [INFO] 時間: 2026-06-20 10:14:24.662
2026-06-20 10:14:24,662 [INFO] 端點: /awd/rms/set_mission_result
2026-06-20 10:14:24,662 [INFO] 方法: POST
2026-06-20 10:14:24,664 [INFO] Body 內容:
{"protocol_version": "2.0", "sequence": "20260620_01", "timestamp": "2026-06-20 10:14:14.196", "priority": "128", "amr": "r16s01", "space": "Repeat-B-0", "action": "idle", "result": "OK", "reason": "NA"}
2026-06-20 10:14:24,664 [INFO] ==================================
2026-06-20 10:14:24,664 [INFO] 已回覆響應 [200]:
{
  "status": "success",
  "message": "成功收到步驟 idle 的結果"
}
2026-06-20 10:14:24,665 [INFO] 
[等待延遲] 依設定於發送 ACK 前，先等待 10.0 秒...
2026-06-20 10:14:34,666 [INFO] 
[發送確認] 非同步發送 ACK (action='idle') 給 RMS...
2026-06-20 10:14:34,855 [INFO] HTTP POST 成功 -> http://192.168.168.63:31111/awd/rms/set_mission_ack
回應狀態: 200
回應內容:
{"message":"OK"}

2026-06-20 10:14:47,926 [INFO] 
======== 接收到 POST 請求 ========
2026-06-20 10:14:47,926 [INFO] 時間: 2026-06-20 10:14:47.926
2026-06-20 10:14:47,927 [INFO] 端點: /awd/rms/set_mission_result
2026-06-20 10:14:47,927 [INFO] 方法: POST
2026-06-20 10:14:47,927 [INFO] Body 內容:
{"protocol_version": "2.0", "sequence": "20260620_01", "timestamp": "2026-06-20 10:14:47.997", "priority": "128", "amr": "r16s01", "space": "GL-01-0", "action": "unload", "result": "OK", "reason": "NA"}
2026-06-20 10:14:47,928 [INFO] ==================================
2026-06-20 10:14:47,929 [INFO] 已回覆響應 [200]:
{
  "status": "success",
  "message": "成功收到步驟 unload 的結果"
}
2026-06-20 10:14:47,929 [INFO] 
[等待延遲] 依設定於發送 ACK 前，先等待 10.0 秒...
2026-06-20 10:14:57,930 [INFO] 
[發送確認] 非同步發送 ACK (action='unload') 給 RMS...
2026-06-20 10:14:58,181 [INFO] HTTP POST 成功 -> http://192.168.168.63:31111/awd/rms/set_mission_ack
回應狀態: 200
回應內容:
{"message":"OK"}

2026-06-20 10:14:58,436 [INFO] 
======== 接收到 POST 請求 ========
2026-06-20 10:14:58,436 [INFO] 時間: 2026-06-20 10:14:58.435
2026-06-20 10:14:58,440 [INFO] 端點: /awd/rms/set_mission_result
2026-06-20 10:14:58,441 [INFO] 方法: POST
2026-06-20 10:14:58,441 [INFO] Body 內容:
{"protocol_version": "2.0", "sequence": "20260620_01", "timestamp": "2026-06-20 10:14:47.997", "priority": "128", "amr": "r16s01", "space": "GL-01-0", "action": "unload", "result": "OK", "reason": "NA"}
2026-06-20 10:14:58,442 [INFO] ==================================
2026-06-20 10:14:58,443 [INFO] 已回覆響應 [200]:
{
  "status": "success",
  "message": "成功收到步驟 unload 的結果"
}
2026-06-20 10:14:58,445 [INFO] 
[等待延遲] 依設定於發送 ACK 前，先等待 10.0 秒...
2026-06-20 10:15:08,447 [INFO] 
[發送確認] 非同步發送 ACK (action='unload') 給 RMS...
2026-06-20 10:15:08,607 [INFO] HTTP POST 成功 -> http://192.168.168.63:31111/awd/rms/set_mission_ack
回應狀態: 200
回應內容:
{"message":"OK"}

2026-06-20 10:15:20,401 [INFO] 
======== 接收到 POST 請求 ========
2026-06-20 10:15:20,402 [INFO] 時間: 2026-06-20 10:15:20.401
2026-06-20 10:15:20,403 [INFO] 端點: /awd/rms/set_mission_result
2026-06-20 10:15:20,403 [INFO] 方法: POST
2026-06-20 10:15:20,403 [INFO] Body 內容:
{"protocol_version": "2.0", "sequence": "20260620_01", "timestamp": "2026-06-20 10:15:20.302", "priority": "128", "amr": "r16s01", "space": "Repeat-B-0", "action": "idle", "result": "OK", "reason": "NA"}
2026-06-20 10:15:20,404 [INFO] ==================================
2026-06-20 10:15:20,404 [INFO] 已回覆響應 [200]:
{
  "status": "success",
  "message": "成功收到步驟 idle 的結果"
}
2026-06-20 10:15:20,407 [INFO] 
[等待延遲] 依設定於發送 ACK 前，先等待 10.0 秒...
2026-06-20 10:15:30,408 [INFO] 
[發送確認] 非同步發送 ACK (action='idle') 給 RMS...
2026-06-20 10:15:30,568 [INFO] HTTP POST 成功 -> http://192.168.168.63:31111/awd/rms/set_mission_ack
回應狀態: 200
回應內容:
{"message":"OK"}

2026-06-20 10:15:30,570 [INFO] 
======== 接收到 POST 請求 ========
2026-06-20 10:15:30,571 [INFO] 時間: 2026-06-20 10:15:30.570
2026-06-20 10:15:30,571 [INFO] 端點: /awd/rms/set_mission_result
2026-06-20 10:15:30,571 [INFO] 方法: POST
2026-06-20 10:15:30,571 [INFO] Body 內容:
{"protocol_version": "2.0", "sequence": "20260620_01", "timestamp": "2026-06-20 10:15:20.302", "priority": "128", "amr": "r16s01", "space": "Repeat-B-0", "action": "idle", "result": "OK", "reason": "NA"}
2026-06-20 10:15:30,572 [INFO] ==================================
2026-06-20 10:15:30,572 [INFO] 已回覆響應 [200]:
{
  "status": "success",
  "message": "成功收到步驟 idle 的結果"
}
2026-06-20 10:15:30,573 [INFO] 
[等待延遲] 依設定於發送 ACK 前，先等待 10.0 秒...
2026-06-20 10:15:40,575 [INFO] 
[發送確認] 非同步發送 ACK (action='idle') 給 RMS...
2026-06-20 10:15:41,111 [INFO] HTTP POST 成功 -> http://192.168.168.63:31111/awd/rms/set_mission_ack
回應狀態: 200
回應內容:
{"message":"OK"}

2026-06-20 10:15:52,570 [INFO] 
======== 接收到 POST 請求 ========
2026-06-20 10:15:52,573 [INFO] 時間: 2026-06-20 10:15:52.570
2026-06-20 10:15:52,574 [INFO] 端點: /awd/rms/set_mission_result
2026-06-20 10:15:52,574 [INFO] 方法: POST
2026-06-20 10:15:52,575 [INFO] Body 內容:
{"protocol_version": "2.0", "sequence": "20260620_01", "timestamp": "2026-06-20 10:15:52.646", "priority": "128", "amr": "r16s01", "space": "GL-01-0", "action": "load", "result": "OK", "reason": "NA"}
2026-06-20 10:15:52,575 [INFO] ==================================
2026-06-20 10:15:52,576 [INFO] 已回覆響應 [200]:
{
  "status": "success",
  "message": "成功收到步驟 load 的結果"
}
2026-06-20 10:15:52,578 [INFO] 
[等待延遲] 依設定於發送 ACK 前，先等待 10.0 秒...
2026-06-20 10:16:02,580 [INFO] 
[發送確認] 非同步發送 ACK (action='load') 給 RMS...
2026-06-20 10:16:02,790 [INFO] HTTP POST 成功 -> http://192.168.168.63:31111/awd/rms/set_mission_ack
回應狀態: 200
回應內容:
{"message":"OK"}

2026-06-20 10:16:02,794 [INFO] 
======== 接收到 POST 請求 ========
2026-06-20 10:16:02,794 [INFO] 時間: 2026-06-20 10:16:02.794
2026-06-20 10:16:02,795 [INFO] 端點: /awd/rms/set_mission_result
2026-06-20 10:16:02,795 [INFO] 方法: POST
2026-06-20 10:16:02,795 [INFO] Body 內容:
{"protocol_version": "2.0", "sequence": "20260620_01", "timestamp": "2026-06-20 10:15:52.646", "priority": "128", "amr": "r16s01", "space": "GL-01-0", "action": "load", "result": "OK", "reason": "NA"}
2026-06-20 10:16:02,795 [INFO] ==================================
2026-06-20 10:16:02,796 [INFO] 已回覆響應 [200]:
{
  "status": "success",
  "message": "成功收到步驟 load 的結果"
}
2026-06-20 10:16:02,796 [INFO] 
[等待延遲] 依設定於發送 ACK 前，先等待 10.0 秒...
2026-06-20 10:16:12,798 [INFO] 
[發送確認] 非同步發送 ACK (action='load') 給 RMS...
2026-06-20 10:16:12,988 [INFO] HTTP POST 成功 -> http://192.168.168.63:31111/awd/rms/set_mission_ack
回應狀態: 200
回應內容:
{"message":"OK"}

2026-06-20 10:16:21,080 [INFO] 
======== 接收到 POST 請求 ========
2026-06-20 10:16:21,081 [INFO] 時間: 2026-06-20 10:16:21.080
2026-06-20 10:16:21,081 [INFO] 端點: /awd/rms/set_mission_result
2026-06-20 10:16:21,081 [INFO] 方法: POST
2026-06-20 10:16:21,081 [INFO] Body 內容:
{"protocol_version": "2.0", "sequence": "20260620_01", "timestamp": "2026-06-20 10:16:21.021", "priority": "128", "amr": "r16s01", "space": "GD-01-0", "action": "unload", "result": "OK", "reason": "NA"}
2026-06-20 10:16:21,083 [INFO] ==================================
2026-06-20 10:16:21,083 [INFO] 已回覆響應 [200]:
{
  "status": "success",
  "message": "成功收到步驟 unload 的結果"
}
2026-06-20 10:16:21,084 [INFO] 
[等待延遲] 依設定於發送 ACK 前，先等待 10.0 秒...
2026-06-20 10:16:21,126 [INFO] 
======== 接收到 POST 請求 ========
2026-06-20 10:16:21,126 [INFO] 時間: 2026-06-20 10:16:21.126
2026-06-20 10:16:21,128 [INFO] 端點: /awd/rms/set_mission_result
2026-06-20 10:16:21,128 [INFO] 方法: POST
2026-06-20 10:16:21,128 [INFO] Body 內容:
{"protocol_version": "2.0", "sequence": "20260620_01", "timestamp": "2026-06-20 10:16:21.205", "priority": "128", "amr": "r16s01", "space": "GC-01-0", "action": "end", "result": "OK", "reason": "NA"}
2026-06-20 10:16:21,128 [INFO] ==================================
2026-06-20 10:16:21,129 [INFO] 已回覆響應 [200]:
{
  "status": "success",
  "message": "成功收到步驟 end 的結果"
}
2026-06-20 10:16:21,129 [INFO] 
[等待延遲] 依設定於發送 ACK 前，先等待 10.0 秒...
2026-06-20 10:16:31,085 [INFO] 
[發送確認] 非同步發送 ACK (action='unload') 給 RMS...
2026-06-20 10:16:31,130 [INFO] 
[發送確認] 非同步發送 ACK (action='end') 給 RMS...
2026-06-20 10:16:31,194 [INFO] HTTP POST 成功 -> http://192.168.168.63:31111/awd/rms/set_mission_ack
回應狀態: 200
回應內容:
{"message":"OK"}

2026-06-20 10:16:31,433 [INFO] 
======== 接收到 POST 請求 ========
2026-06-20 10:16:31,434 [INFO] 時間: 2026-06-20 10:16:31.433
2026-06-20 10:16:31,435 [INFO] 端點: /awd/rms/set_mission_result
2026-06-20 10:16:31,435 [INFO] 方法: POST
2026-06-20 10:16:31,435 [INFO] Body 內容:
{"protocol_version": "2.0", "sequence": "20260620_01", "timestamp": "2026-06-20 10:16:21.205", "priority": "128", "amr": "r16s01", "space": "GC-01-0", "action": "end", "result": "OK", "reason": "NA"}
2026-06-20 10:16:31,435 [INFO] ==================================
2026-06-20 10:16:31,437 [INFO] 已回覆響應 [200]:
{
  "status": "success",
  "message": "成功收到步驟 end 的結果"
}
2026-06-20 10:16:31,439 [INFO] 
[等待延遲] 依設定於發送 ACK 前，先等待 10.0 秒...
2026-06-20 10:16:31,709 [INFO] HTTP POST 成功 -> http://192.168.168.63:31111/awd/rms/set_mission_ack
回應狀態: 200
回應內容:
{"message":"OK"}

2026-06-20 10:16:41,440 [INFO] 
[發送確認] 非同步發送 ACK (action='end') 給 RMS...
2026-06-20 10:16:41,471 [INFO] HTTP POST 成功 -> http://192.168.168.63:31111/awd/rms/set_mission_ack
回應狀態: 200
回應內容:
{"message":"OK"}

2026-06-20 10:17:12,793 [INFO] 
======== 接收到 POST 請求 ========
2026-06-20 10:17:12,793 [INFO] 時間: 2026-06-20 10:17:12.793
2026-06-20 10:17:12,794 [INFO] 端點: /awd/rms/heartbeat
2026-06-20 10:17:12,794 [INFO] 方法: POST
2026-06-20 10:17:12,795 [INFO] Body 內容:
{"protocol_version": "1.0", "sequence": "000004", "timestamp": "2026-06-20 10:17:12.842", "priority": "128", "device": "RMS1.0"}
2026-06-20 10:17:12,795 [INFO] ==================================
2026-06-20 10:17:12,796 [INFO] 已回覆響應 [404]:
{
  "status": "error",
  "message": "找不到此端點"
}
2026-06-20 10:19:33,646 [INFO] 成功自 mission.json 載入自訂子任務組合，共 8 個步驟。
2026-06-20 10:19:33,647 [INFO] 
[主動派工] 向 RMS 發送任務請求 (sequence: 20260620_02)...
2026-06-20 10:19:33,788 [INFO] HTTP POST 成功 -> http://192.168.168.63:31111/awd/rms/set_mission_request
回應狀態: 200
回應內容:
{"priority":"128","protocol_version":"1.0","reason":"OK","reply":"ACK","sequence":"20260620_02","sub_missions":[{"action":"start","space":"Repeat-A-0"},{"action":"load","space":"Repeat-A-0"},{"action":"idle","space":"Repeat-B-0"},{"action":"unload","space":"GD-01-0"},{"action":"idle","space":"Repeat-B-0"},{"action":"load","space":"GD-01-0"},{"action":"unload","space":"Repeat-C-0"},{"action":"end","space":"L-01-2"}],"timestamp":"2026-06-20 10:19:33.774"}

2026-06-20 10:19:33,839 [INFO] 
======== 接收到 POST 請求 ========
2026-06-20 10:19:33,840 [INFO] 時間: 2026-06-20 10:19:33.839
2026-06-20 10:19:33,840 [INFO] 端點: /awd/rms/set_mission_result
2026-06-20 10:19:33,841 [INFO] 方法: POST
2026-06-20 10:19:33,841 [INFO] Body 內容:
{"protocol_version": "2.0", "sequence": "20260620_02", "timestamp": "2026-06-20 10:19:33.795", "priority": "128", "amr": "NA", "space": "NA", "action": "NA", "result": "NG", "reason": "request_pkt matched no zone."}
2026-06-20 10:19:33,842 [INFO] ==================================
2026-06-20 10:19:33,842 [INFO] 已回覆響應 [200]:
{
  "status": "success",
  "message": "成功收到步驟 NA 的結果"
}
2026-06-20 10:19:33,847 [INFO] 
[等待延遲] 依設定於發送 ACK 前，先等待 10.0 秒...
2026-06-20 10:19:43,738 [INFO] 
======== 接收到 POST 請求 ========
2026-06-20 10:19:43,739 [INFO] 時間: 2026-06-20 10:19:43.738
2026-06-20 10:19:43,740 [INFO] 端點: /awd/rms/set_mission_result
2026-06-20 10:19:43,740 [INFO] 方法: POST
2026-06-20 10:19:43,740 [INFO] Body 內容:
{"protocol_version": "2.0", "sequence": "20260620_02", "timestamp": "2026-06-20 10:19:33.795", "priority": "128", "amr": "NA", "space": "NA", "action": "NA", "result": "NG", "reason": "request_pkt matched no zone."}
2026-06-20 10:19:43,740 [INFO] ==================================
2026-06-20 10:19:43,740 [INFO] 已回覆響應 [200]:
{
  "status": "success",
  "message": "成功收到步驟 NA 的結果"
}
2026-06-20 10:19:43,741 [INFO] 
[等待延遲] 依設定於發送 ACK 前，先等待 10.0 秒...
2026-06-20 10:19:43,848 [INFO] 
[發送確認] 非同步發送 ACK (action='NA') 給 RMS...
2026-06-20 10:19:43,890 [INFO] HTTP POST 成功 -> http://192.168.168.63:31111/awd/rms/set_mission_ack
回應狀態: 200
回應內容:
{"message":"OK"}

2026-06-20 10:19:53,743 [INFO] 
[發送確認] 非同步發送 ACK (action='NA') 給 RMS...
2026-06-20 10:19:53,895 [INFO] HTTP POST 成功 -> http://192.168.168.63:31111/awd/rms/set_mission_ack
回應狀態: 200
回應內容:
{"message":"OK"}

2026-06-20 10:20:29,308 [INFO] WCS 模擬器正在關閉...
2026-06-20 10:20:37,531 [INFO] WCS 模擬伺服器已啟動，監聽 Port: 31112 ...
2026-06-20 10:20:52,343 [INFO] 成功自 mission.json 載入自訂子任務組合，共 8 個步驟。
2026-06-20 10:20:52,343 [INFO] 
[主動派工] 向 RMS 發送任務請求 (sequence: 20260620_02)...
2026-06-20 10:20:52,602 [INFO] HTTP POST 成功 -> http://192.168.168.63:31111/awd/rms/set_mission_request
回應狀態: 200
回應內容:
{"priority":"128","protocol_version":"1.0","reason":"OK","reply":"ACK","sequence":"20260620_02","sub_missions":[{"action":"start","space":"Repeat-A-0"},{"action":"load","space":"Repeat-A-0"},{"action":"idle","space":"Repeat-B-0"},{"action":"unload","space":"GD-01-0"},{"action":"idle","space":"Repeat-B-0"},{"action":"load","space":"GD-01-0"},{"action":"unload","space":"Repeat-C-0"},{"action":"end","space":"L-01-2"}],"timestamp":"2026-06-20 10:20:52.616"}

2026-06-20 10:20:52,648 [INFO] 
======== 接收到 POST 請求 ========
2026-06-20 10:20:52,649 [INFO] 時間: 2026-06-20 10:20:52.648
2026-06-20 10:20:52,650 [INFO] 端點: /awd/rms/set_mission_result
2026-06-20 10:20:52,650 [INFO] 方法: POST
2026-06-20 10:20:52,651 [INFO] Body 內容:
{"protocol_version": "2.0", "sequence": "20260620_02", "timestamp": "2026-06-20 10:20:52.634", "priority": "128", "amr": "NA", "space": "NA", "action": "NA", "result": "NG", "reason": "request_pkt matched no zone."}
2026-06-20 10:20:52,651 [INFO] ==================================
2026-06-20 10:20:52,652 [INFO] 已回覆響應 [200]:
{
  "status": "success",
  "message": "成功收到步驟 NA 的結果"
}
2026-06-20 10:20:52,655 [INFO] 
[等待延遲] 依設定於發送 ACK 前，先等待 10.0 秒...
2026-06-20 10:21:02,572 [INFO] 
======== 接收到 POST 請求 ========
2026-06-20 10:21:02,574 [INFO] 時間: 2026-06-20 10:21:02.572
2026-06-20 10:21:02,574 [INFO] 端點: /awd/rms/set_mission_result
2026-06-20 10:21:02,575 [INFO] 方法: POST
2026-06-20 10:21:02,576 [INFO] Body 內容:
{"protocol_version": "2.0", "sequence": "20260620_02", "timestamp": "2026-06-20 10:20:52.634", "priority": "128", "amr": "NA", "space": "NA", "action": "NA", "result": "NG", "reason": "request_pkt matched no zone."}
2026-06-20 10:21:02,576 [INFO] ==================================
2026-06-20 10:21:02,577 [INFO] 已回覆響應 [200]:
{
  "status": "success",
  "message": "成功收到步驟 NA 的結果"
}
2026-06-20 10:21:02,579 [INFO] 
[等待延遲] 依設定於發送 ACK 前，先等待 10.0 秒...
2026-06-20 10:21:02,657 [INFO] 
[發送確認] 非同步發送 ACK (action='NA') 給 RMS...
2026-06-20 10:21:02,771 [INFO] HTTP POST 成功 -> http://192.168.168.63:31111/awd/rms/set_mission_ack
回應狀態: 200
回應內容:
{"message":"OK"}

2026-06-20 10:21:12,581 [INFO] 
[發送確認] 非同步發送 ACK (action='NA') 給 RMS...
2026-06-20 10:21:12,731 [INFO] HTTP POST 成功 -> http://192.168.168.63:31111/awd/rms/set_mission_ack
回應狀態: 200
回應內容:
{"message":"OK"}

2026-06-20 10:21:38,618 [INFO] WCS 模擬器正在關閉...
2026-06-20 10:23:07,116 [INFO] WCS 模擬伺服器已啟動，監聽 Port: 31112 ...
2026-06-20 10:23:39,303 [INFO] 
======== 接收到 POST 請求 ========
2026-06-20 10:23:39,305 [INFO] 時間: 2026-06-20 10:23:39.303
2026-06-20 10:23:39,306 [INFO] 端點: /awd/rms/online
2026-06-20 10:23:39,306 [INFO] 方法: POST
2026-06-20 10:23:39,306 [INFO] Body 內容:
{"protocol_version": "1.0", "sequence": "000002", "timestamp": "2026-06-20 10:23:38.069", "priority": "128", "device": "RMS1.0", "status": "local"}
2026-06-20 10:23:39,307 [INFO] ==================================
2026-06-20 10:23:39,307 [INFO] 已回覆響應 [404]:
{
  "status": "error",
  "message": "找不到此端點"
}
2026-06-20 10:23:40,438 [INFO] 
======== 接收到 POST 請求 ========
2026-06-20 10:23:40,438 [INFO] 時間: 2026-06-20 10:23:40.438
2026-06-20 10:23:40,440 [INFO] 端點: /awd/rms/heartbeat
2026-06-20 10:23:40,440 [INFO] 方法: POST
2026-06-20 10:23:40,441 [INFO] Body 內容:
{"protocol_version": "1.0", "sequence": "000001", "timestamp": "2026-06-20 10:23:38.065", "priority": "128", "device": "RMS1.0"}
2026-06-20 10:23:40,442 [INFO] ==================================
2026-06-20 10:23:40,442 [INFO] 已回覆響應 [404]:
{
  "status": "error",
  "message": "找不到此端點"
}
2026-06-20 10:23:40,925 [INFO] 
======== 接收到 POST 請求 ========
2026-06-20 10:23:40,926 [INFO] 時間: 2026-06-20 10:23:40.925
2026-06-20 10:23:40,927 [INFO] 端點: /awd/rms/online
2026-06-20 10:23:40,928 [INFO] 方法: POST
2026-06-20 10:23:40,928 [INFO] Body 內容:
{"protocol_version": "1.0", "sequence": "000003", "timestamp": "2026-06-20 10:23:40.056", "priority": "128", "device": "RMS1.0", "status": "remote"}
2026-06-20 10:23:40,928 [INFO] ==================================
2026-06-20 10:23:40,929 [INFO] 已回覆響應 [404]:
{
  "status": "error",
  "message": "找不到此端點"
}
2026-06-20 10:24:28,959 [INFO] 
======== 接收到 POST 請求 ========
2026-06-20 10:24:28,960 [INFO] 時間: 2026-06-20 10:24:28.959
2026-06-20 10:24:28,960 [INFO] 端點: /awd/rms/component_fault_alert
2026-06-20 10:24:28,961 [INFO] 方法: POST
2026-06-20 10:24:28,961 [INFO] Body 內容:
{"protocol_version": "1.0", "sequence": "c00004", "timestamp": "2026-06-20 10:24:25.687", "priority": "128", "device": "r16s01", "position": "4.2,-3.7,0.0", "event": "NG-to-OK", "component": "RESTART", "mission_sequence": "none", "alert_code": "n070001", "reason": "\u8eca\u8f1b\u5fa9\u6b78\u3002"}
2026-06-20 10:24:28,961 [INFO] ==================================
2026-06-20 10:24:28,961 [INFO] 已回覆響應 [404]:
{
  "status": "error",
  "message": "找不到此端點"
}
2026-06-20 10:24:53,740 [INFO] 
======== 接收到 POST 請求 ========
2026-06-20 10:24:53,741 [INFO] 時間: 2026-06-20 10:24:53.740
2026-06-20 10:24:53,742 [INFO] 端點: /awd/rms/component_fault_alert
2026-06-20 10:24:53,742 [INFO] 方法: POST
2026-06-20 10:24:53,742 [INFO] Body 內容:
{"protocol_version": "1.0", "sequence": "c00005", "timestamp": "2026-06-20 10:24:53.451", "priority": "128", "device": "r16s01", "position": "4.2,-3.7,0.0", "event": "NG-to-OK", "component": "RESTART", "mission_sequence": "none", "alert_code": "n070001", "reason": "\u8eca\u8f1b\u5fa9\u6b78\u3002"}
2026-06-20 10:24:53,743 [INFO] ==================================
2026-06-20 10:24:53,743 [INFO] 已回覆響應 [404]:
{
  "status": "error",
  "message": "找不到此端點"
}
2026-06-20 10:25:05,479 [INFO] 成功自 mission.json 載入自訂子任務組合，共 8 個步驟。
2026-06-20 10:25:05,480 [INFO] 
[主動派工] 向 RMS 發送任務請求 (sequence: 20260620_02)...
2026-06-20 10:25:06,120 [INFO] HTTP POST 成功 -> http://192.168.168.63:31111/awd/rms/set_mission_request
回應狀態: 200
回應內容:
{"priority":"128","protocol_version":"1.0","reason":"OK","reply":"ACK","sequence":"20260620_02","sub_missions":[{"action":"start","space":"Repeat-A-0"},{"action":"load","space":"Repeat-A-0"},{"action":"idle","space":"Repeat-B-0"},{"action":"unload","space":"GD-01-0"},{"action":"idle","space":"Repeat-B-0"},{"action":"load","space":"GD-01-0"},{"action":"unload","space":"Repeat-C-0"},{"action":"end","space":"L-01-2"}],"timestamp":"2026-06-20 10:25:05.884"}

2026-06-20 10:25:06,498 [INFO] 
======== 接收到 POST 請求 ========
2026-06-20 10:25:06,498 [INFO] 時間: 2026-06-20 10:25:06.498
2026-06-20 10:25:06,500 [INFO] 端點: /awd/rms/set_mission_result
2026-06-20 10:25:06,500 [INFO] 方法: POST
2026-06-20 10:25:06,501 [INFO] Body 內容:
{"protocol_version": "2.0", "sequence": "20260620_02", "timestamp": "2026-06-20 10:25:05.986", "priority": "128", "amr": "NA", "space": "NA", "action": "NA", "result": "NG", "reason": "request_pkt matched no zone."}
2026-06-20 10:25:06,501 [INFO] ==================================
2026-06-20 10:25:06,502 [INFO] 已回覆響應 [200]:
{
  "status": "success",
  "message": "成功收到步驟 NA 的結果"
}
2026-06-20 10:25:06,505 [INFO] 
[等待延遲] 依設定於發送 ACK 前，先等待 10.0 秒...
2026-06-20 10:25:16,506 [INFO] 
[發送確認] 非同步發送 ACK (action='NA') 給 RMS...
2026-06-20 10:25:16,905 [INFO] 
======== 接收到 POST 請求 ========
2026-06-20 10:25:16,906 [INFO] 時間: 2026-06-20 10:25:16.903
2026-06-20 10:25:16,906 [INFO] 端點: /awd/rms/set_mission_result
2026-06-20 10:25:16,907 [INFO] 方法: POST
2026-06-20 10:25:16,907 [INFO] Body 內容:
{"protocol_version": "2.0", "sequence": "20260620_02", "timestamp": "2026-06-20 10:25:05.986", "priority": "128", "amr": "NA", "space": "NA", "action": "NA", "result": "NG", "reason": "request_pkt matched no zone."}
2026-06-20 10:25:16,907 [INFO] ==================================
2026-06-20 10:25:16,908 [INFO] 已回覆響應 [200]:
{
  "status": "success",
  "message": "成功收到步驟 NA 的結果"
}
2026-06-20 10:25:16,909 [INFO] 
[等待延遲] 依設定於發送 ACK 前，先等待 10.0 秒...
2026-06-20 10:25:16,951 [INFO] HTTP POST 成功 -> http://192.168.168.63:31111/awd/rms/set_mission_ack
回應狀態: 200
回應內容:
{"message":"OK"}

2026-06-20 10:25:26,911 [INFO] 
[發送確認] 非同步發送 ACK (action='NA') 給 RMS...
2026-06-20 10:25:27,305 [INFO] HTTP POST 成功 -> http://192.168.168.63:31111/awd/rms/set_mission_ack
回應狀態: 200
回應內容:
{"message":"OK"}

2026-06-20 10:26:21,611 [INFO] WCS 模擬器正在關閉...
2026-06-20 10:27:42,884 [INFO] WCS 模擬伺服器已啟動，監聽 Port: 31112 ...
2026-06-20 10:28:05,232 [INFO] 成功自 mission.json 載入自訂子任務組合，共 8 個步驟。
2026-06-20 10:28:05,232 [INFO] 
[主動派工] 向 RMS 發送任務請求 (sequence: T20260620_2)...
2026-06-20 10:28:05,685 [INFO] HTTP POST 成功 -> http://192.168.168.63:31111/awd/rms/set_mission_request
回應狀態: 200
回應內容:
{"priority":"128","protocol_version":"1.0","reason":"OK","reply":"ACK","sequence":"T20260620_2","sub_missions":[{"action":"start","space":"Repeat-A-0"},{"action":"load","space":"Repeat-A-0"},{"action":"idle","space":"Repeat-B-0"},{"action":"unload","space":"GD-01-0"},{"action":"idle","space":"Repeat-B-0"},{"action":"load","space":"GD-01-0"},{"action":"unload","space":"Repeat-C-0"},{"action":"end","space":"L-01-0"}],"timestamp":"2026-06-20 10:28:05.689"}

2026-06-20 10:28:06,482 [INFO] 
======== 接收到 POST 請求 ========
2026-06-20 10:28:06,483 [INFO] 時間: 2026-06-20 10:28:06.482
2026-06-20 10:28:06,483 [INFO] 端點: /awd/rms/set_mission_result
2026-06-20 10:28:06,483 [INFO] 方法: POST
2026-06-20 10:28:06,483 [INFO] Body 內容:
{"protocol_version": "2.0", "sequence": "T20260620_2", "timestamp": "2026-06-20 10:28:06.044", "priority": "128", "amr": "r16s01", "space": "Repeat-A-0", "action": "start", "result": "OK", "reason": "NA"}
2026-06-20 10:28:06,483 [INFO] ==================================
2026-06-20 10:28:06,484 [INFO] 已回覆響應 [200]:
{
  "status": "success",
  "message": "成功收到步驟 start 的結果"
}
2026-06-20 10:28:06,484 [INFO] 
[等待延遲] 依設定於發送 ACK 前，先等待 10.0 秒...
2026-06-20 10:28:16,486 [INFO] 
[發送確認] 非同步發送 ACK (action='start') 給 RMS...
2026-06-20 10:28:16,586 [INFO] HTTP POST 成功 -> http://192.168.168.63:31111/awd/rms/set_mission_ack
回應狀態: 200
回應內容:
{"message":"OK"}

2026-06-20 10:28:16,590 [INFO] 
======== 接收到 POST 請求 ========
2026-06-20 10:28:16,590 [INFO] 時間: 2026-06-20 10:28:16.590
2026-06-20 10:28:16,590 [INFO] 端點: /awd/rms/set_mission_result
2026-06-20 10:28:16,590 [INFO] 方法: POST
2026-06-20 10:28:16,591 [INFO] Body 內容:
{"protocol_version": "2.0", "sequence": "T20260620_2", "timestamp": "2026-06-20 10:28:06.044", "priority": "128", "amr": "r16s01", "space": "Repeat-A-0", "action": "start", "result": "OK", "reason": "NA"}
2026-06-20 10:28:16,591 [INFO] ==================================
2026-06-20 10:28:16,591 [INFO] 已回覆響應 [200]:
{
  "status": "success",
  "message": "成功收到步驟 start 的結果"
}
2026-06-20 10:28:16,591 [INFO] 
[等待延遲] 依設定於發送 ACK 前，先等待 10.0 秒...
2026-06-20 10:28:26,592 [INFO] 
[發送確認] 非同步發送 ACK (action='start') 給 RMS...
2026-06-20 10:28:27,778 [INFO] HTTP POST 成功 -> http://192.168.168.63:31111/awd/rms/set_mission_ack
回應狀態: 200
回應內容:
{"message":"OK"}

2026-06-20 10:28:41,193 [INFO] 
======== 接收到 POST 請求 ========
2026-06-20 10:28:41,194 [INFO] 時間: 2026-06-20 10:28:41.193
2026-06-20 10:28:41,194 [INFO] 端點: /awd/rms/heartbeat
2026-06-20 10:28:41,194 [INFO] 方法: POST
2026-06-20 10:28:41,195 [INFO] Body 內容:
{"protocol_version": "1.0", "sequence": "000007", "timestamp": "2026-06-20 10:28:38.261", "priority": "128", "device": "RMS1.0"}
2026-06-20 10:28:41,195 [INFO] ==================================
2026-06-20 10:28:41,195 [INFO] 已回覆響應 [404]:
{
  "status": "error",
  "message": "找不到此端點"
}
2026-06-20 10:28:53,552 [INFO] 
======== 接收到 POST 請求 ========
2026-06-20 10:28:53,553 [INFO] 時間: 2026-06-20 10:28:53.552
2026-06-20 10:28:53,553 [INFO] 端點: /awd/rms/set_mission_result
2026-06-20 10:28:53,554 [INFO] 方法: POST
2026-06-20 10:28:53,554 [INFO] Body 內容:
{"protocol_version": "2.0", "sequence": "T20260620_2", "timestamp": "2026-06-20 10:28:52.758", "priority": "128", "amr": "r16s01", "space": "Repeat-A-0", "action": "load", "result": "OK", "reason": "NA"}
2026-06-20 10:28:53,554 [INFO] ==================================
2026-06-20 10:28:53,555 [INFO] 已回覆響應 [200]:
{
  "status": "success",
  "message": "成功收到步驟 load 的結果"
}
2026-06-20 10:28:53,556 [INFO] 
[等待延遲] 依設定於發送 ACK 前，先等待 10.0 秒...
2026-06-20 10:29:03,558 [INFO] 
[發送確認] 非同步發送 ACK (action='load') 給 RMS...
2026-06-20 10:29:04,524 [INFO] HTTP POST 成功 -> http://192.168.168.63:31111/awd/rms/set_mission_ack
回應狀態: 200
回應內容:
{"message":"OK"}

2026-06-20 10:29:05,150 [INFO] 
======== 接收到 POST 請求 ========
2026-06-20 10:29:05,151 [INFO] 時間: 2026-06-20 10:29:05.150
2026-06-20 10:29:05,153 [INFO] 端點: /awd/rms/set_mission_result
2026-06-20 10:29:05,153 [INFO] 方法: POST
2026-06-20 10:29:05,154 [INFO] Body 內容:
{"protocol_version": "2.0", "sequence": "T20260620_2", "timestamp": "2026-06-20 10:28:52.758", "priority": "128", "amr": "r16s01", "space": "Repeat-A-0", "action": "load", "result": "OK", "reason": "NA"}
2026-06-20 10:29:05,154 [INFO] ==================================
2026-06-20 10:29:05,154 [INFO] 已回覆響應 [200]:
{
  "status": "success",
  "message": "成功收到步驟 load 的結果"
}
2026-06-20 10:29:05,157 [INFO] 
[等待延遲] 依設定於發送 ACK 前，先等待 10.0 秒...
2026-06-20 10:29:15,158 [INFO] 
[發送確認] 非同步發送 ACK (action='load') 給 RMS...
2026-06-20 10:29:15,732 [INFO] HTTP POST 成功 -> http://192.168.168.63:31111/awd/rms/set_mission_ack
回應狀態: 200
回應內容:
{"message":"OK"}

2026-06-20 10:29:25,735 [INFO] 
======== 接收到 POST 請求 ========
2026-06-20 10:29:25,737 [INFO] 時間: 2026-06-20 10:29:25.735
2026-06-20 10:29:25,737 [INFO] 端點: /awd/rms/set_mission_result
2026-06-20 10:29:25,739 [INFO] 方法: POST
2026-06-20 10:29:25,739 [INFO] Body 內容:
{"protocol_version": "2.0", "sequence": "T20260620_2", "timestamp": "2026-06-20 10:29:24.862", "priority": "128", "amr": "r16s01", "space": "Repeat-B-0", "action": "idle", "result": "OK", "reason": "NA"}
2026-06-20 10:29:25,739 [INFO] ==================================
2026-06-20 10:29:25,740 [INFO] 已回覆響應 [200]:
{
  "status": "success",
  "message": "成功收到步驟 idle 的結果"
}
2026-06-20 10:29:25,741 [INFO] 
[等待延遲] 依設定於發送 ACK 前，先等待 10.0 秒...
2026-06-20 10:29:35,743 [INFO] 
[發送確認] 非同步發送 ACK (action='idle') 給 RMS...
2026-06-20 10:29:36,993 [INFO] HTTP POST 成功 -> http://192.168.168.63:31111/awd/rms/set_mission_ack
回應狀態: 200
回應內容:
{"message":"OK"}

2026-06-20 10:29:38,913 [INFO] 
======== 接收到 POST 請求 ========
2026-06-20 10:29:38,915 [INFO] 時間: 2026-06-20 10:29:38.913
2026-06-20 10:29:38,915 [INFO] 端點: /awd/rms/set_mission_result
2026-06-20 10:29:38,916 [INFO] 方法: POST
2026-06-20 10:29:38,916 [INFO] Body 內容:
{"protocol_version": "2.0", "sequence": "T20260620_2", "timestamp": "2026-06-20 10:29:24.862", "priority": "128", "amr": "r16s01", "space": "Repeat-B-0", "action": "idle", "result": "OK", "reason": "NA"}
2026-06-20 10:29:38,917 [INFO] ==================================
2026-06-20 10:29:38,917 [INFO] 已回覆響應 [200]:
{
  "status": "success",
  "message": "成功收到步驟 idle 的結果"
}
2026-06-20 10:29:38,918 [INFO] 
[等待延遲] 依設定於發送 ACK 前，先等待 10.0 秒...
2026-06-20 10:29:48,920 [INFO] 
[發送確認] 非同步發送 ACK (action='idle') 給 RMS...
2026-06-20 10:29:49,779 [INFO] HTTP POST 成功 -> http://192.168.168.63:31111/awd/rms/set_mission_ack
回應狀態: 200
回應內容:
{"message":"OK"}

2026-06-20 10:29:58,047 [INFO] 
======== 接收到 POST 請求 ========
2026-06-20 10:29:58,047 [INFO] 時間: 2026-06-20 10:29:58.046
2026-06-20 10:29:58,047 [INFO] 端點: /awd/rms/set_mission_result
2026-06-20 10:29:58,047 [INFO] 方法: POST
2026-06-20 10:29:58,047 [INFO] Body 內容:
{"protocol_version": "2.0", "sequence": "T20260620_2", "timestamp": "2026-06-20 10:29:57.839", "priority": "128", "amr": "r16s01", "space": "GD-01-0", "action": "unload", "result": "OK", "reason": "NA"}
2026-06-20 10:29:58,047 [INFO] ==================================
2026-06-20 10:29:58,049 [INFO] 已回覆響應 [200]:
{
  "status": "success",
  "message": "成功收到步驟 unload 的結果"
}
2026-06-20 10:29:58,049 [INFO] 
[等待延遲] 依設定於發送 ACK 前，先等待 10.0 秒...
2026-06-20 10:30:08,051 [INFO] 
[發送確認] 非同步發送 ACK (action='unload') 給 RMS...
2026-06-20 10:30:09,209 [INFO] HTTP POST 成功 -> http://192.168.168.63:31111/awd/rms/set_mission_ack
回應狀態: 200
回應內容:
{"message":"OK"}

2026-06-20 10:30:09,243 [INFO] 
======== 接收到 POST 請求 ========
2026-06-20 10:30:09,244 [INFO] 時間: 2026-06-20 10:30:09.243
2026-06-20 10:30:09,244 [INFO] 端點: /awd/rms/set_mission_result
2026-06-20 10:30:09,245 [INFO] 方法: POST
2026-06-20 10:30:09,245 [INFO] Body 內容:
{"protocol_version": "2.0", "sequence": "T20260620_2", "timestamp": "2026-06-20 10:29:57.839", "priority": "128", "amr": "r16s01", "space": "GD-01-0", "action": "unload", "result": "OK", "reason": "NA"}
2026-06-20 10:30:09,245 [INFO] ==================================
2026-06-20 10:30:09,246 [INFO] 已回覆響應 [200]:
{
  "status": "success",
  "message": "成功收到步驟 unload 的結果"
}
2026-06-20 10:30:09,246 [INFO] 
[等待延遲] 依設定於發送 ACK 前，先等待 10.0 秒...
2026-06-20 10:30:19,249 [INFO] 
[發送確認] 非同步發送 ACK (action='unload') 給 RMS...
2026-06-20 10:30:19,466 [INFO] HTTP POST 成功 -> http://192.168.168.63:31111/awd/rms/set_mission_ack
回應狀態: 200
回應內容:
{"message":"OK"}

2026-06-20 10:30:24,008 [INFO] 
======== 接收到 POST 請求 ========
2026-06-20 10:30:24,009 [INFO] 時間: 2026-06-20 10:30:24.008
2026-06-20 10:30:24,010 [INFO] 端點: /awd/rms/set_mission_result
2026-06-20 10:30:24,010 [INFO] 方法: POST
2026-06-20 10:30:24,011 [INFO] Body 內容:
{"protocol_version": "2.0", "sequence": "T20260620_2", "timestamp": "2026-06-20 10:30:23.982", "priority": "128", "amr": "r16s01", "space": "Repeat-B-0", "action": "idle", "result": "OK", "reason": "NA"}
2026-06-20 10:30:24,011 [INFO] ==================================
2026-06-20 10:30:24,012 [INFO] 已回覆響應 [200]:
{
  "status": "success",
  "message": "成功收到步驟 idle 的結果"
}
2026-06-20 10:30:24,013 [INFO] 
[等待延遲] 依設定於發送 ACK 前，先等待 10.0 秒...
2026-06-20 10:30:34,015 [INFO] 
[發送確認] 非同步發送 ACK (action='idle') 給 RMS...
2026-06-20 10:30:35,177 [INFO] 
======== 接收到 POST 請求 ========
2026-06-20 10:30:35,177 [INFO] 時間: 2026-06-20 10:30:35.177
2026-06-20 10:30:35,177 [INFO] 端點: /awd/rms/set_mission_result
2026-06-20 10:30:35,179 [INFO] 方法: POST
2026-06-20 10:30:35,179 [INFO] Body 內容:
{"protocol_version": "2.0", "sequence": "T20260620_2", "timestamp": "2026-06-20 10:30:23.982", "priority": "128", "amr": "r16s01", "space": "Repeat-B-0", "action": "idle", "result": "OK", "reason": "NA"}
2026-06-20 10:30:35,180 [INFO] ==================================
2026-06-20 10:30:35,180 [INFO] 已回覆響應 [200]:
{
  "status": "success",
  "message": "成功收到步驟 idle 的結果"
}
2026-06-20 10:30:35,182 [INFO] 
[等待延遲] 依設定於發送 ACK 前，先等待 10.0 秒...
2026-06-20 10:30:35,292 [INFO] HTTP POST 成功 -> http://192.168.168.63:31111/awd/rms/set_mission_ack
回應狀態: 200
回應內容:
{"message":"OK"}

2026-06-20 10:30:45,183 [INFO] 
[發送確認] 非同步發送 ACK (action='idle') 給 RMS...
2026-06-20 10:30:45,595 [INFO] HTTP POST 成功 -> http://192.168.168.63:31111/awd/rms/set_mission_ack
回應狀態: 200
回應內容:
{"message":"OK"}

2026-06-20 10:30:58,902 [INFO] 
======== 接收到 POST 請求 ========
2026-06-20 10:30:58,902 [INFO] 時間: 2026-06-20 10:30:58.902
2026-06-20 10:30:58,903 [INFO] 端點: /awd/rms/set_mission_result
2026-06-20 10:30:58,903 [INFO] 方法: POST
2026-06-20 10:30:58,904 [INFO] Body 內容:
{"protocol_version": "2.0", "sequence": "T20260620_2", "timestamp": "2026-06-20 10:30:58.722", "priority": "128", "amr": "r16s01", "space": "GD-01-0", "action": "load", "result": "OK", "reason": "NA"}
2026-06-20 10:30:58,904 [INFO] ==================================
2026-06-20 10:30:58,905 [INFO] 已回覆響應 [200]:
{
  "status": "success",
  "message": "成功收到步驟 load 的結果"
}
2026-06-20 10:30:58,906 [INFO] 
[等待延遲] 依設定於發送 ACK 前，先等待 10.0 秒...
2026-06-20 10:31:08,908 [INFO] 
[發送確認] 非同步發送 ACK (action='load') 給 RMS...
2026-06-20 10:31:09,254 [INFO] 
======== 接收到 POST 請求 ========
2026-06-20 10:31:09,254 [INFO] 時間: 2026-06-20 10:31:09.254
2026-06-20 10:31:09,254 [INFO] 端點: /awd/rms/set_mission_result
2026-06-20 10:31:09,254 [INFO] 方法: POST
2026-06-20 10:31:09,254 [INFO] Body 內容:
{"protocol_version": "2.0", "sequence": "T20260620_2", "timestamp": "2026-06-20 10:30:58.722", "priority": "128", "amr": "r16s01", "space": "GD-01-0", "action": "load", "result": "OK", "reason": "NA"}
2026-06-20 10:31:09,254 [INFO] ==================================
2026-06-20 10:31:09,255 [INFO] 已回覆響應 [200]:
{
  "status": "success",
  "message": "成功收到步驟 load 的結果"
}
2026-06-20 10:31:09,256 [INFO] 
[等待延遲] 依設定於發送 ACK 前，先等待 10.0 秒...
2026-06-20 10:31:09,947 [INFO] HTTP POST 成功 -> http://192.168.168.63:31111/awd/rms/set_mission_ack
回應狀態: 200
回應內容:
{"message":"OK"}

2026-06-20 10:31:19,257 [INFO] 
[發送確認] 非同步發送 ACK (action='load') 給 RMS...
2026-06-20 10:31:19,796 [INFO] HTTP POST 成功 -> http://192.168.168.63:31111/awd/rms/set_mission_ack
回應狀態: 200
回應內容:
{"message":"OK"}

2026-06-20 10:31:33,994 [INFO] 
======== 接收到 POST 請求 ========
2026-06-20 10:31:33,994 [INFO] 時間: 2026-06-20 10:31:33.994
2026-06-20 10:31:33,996 [INFO] 端點: /awd/rms/set_mission_result
2026-06-20 10:31:33,996 [INFO] 方法: POST
2026-06-20 10:31:33,998 [INFO] Body 內容:
{"protocol_version": "2.0", "sequence": "T20260620_2", "timestamp": "2026-06-20 10:31:32.338", "priority": "128", "amr": "r16s01", "space": "Repeat-C-0", "action": "unload", "result": "OK", "reason": "NA"}
2026-06-20 10:31:33,998 [INFO] ==================================
2026-06-20 10:31:33,998 [INFO] 已回覆響應 [200]:
{
  "status": "success",
  "message": "成功收到步驟 unload 的結果"
}
2026-06-20 10:31:33,999 [INFO] 
[等待延遲] 依設定於發送 ACK 前，先等待 10.0 秒...
2026-06-20 10:31:34,963 [INFO] 
======== 接收到 POST 請求 ========
2026-06-20 10:31:34,964 [INFO] 時間: 2026-06-20 10:31:34.963
2026-06-20 10:31:34,964 [INFO] 端點: /awd/rms/set_mission_result
2026-06-20 10:31:34,965 [INFO] 方法: POST
2026-06-20 10:31:34,966 [INFO] Body 內容:
{"protocol_version": "2.0", "sequence": "T20260620_2", "timestamp": "2026-06-20 10:31:34.401", "priority": "128", "amr": "r16s01", "space": "L-01-0", "action": "end", "result": "OK", "reason": "NA"}
2026-06-20 10:31:34,967 [INFO] ==================================
2026-06-20 10:31:34,967 [INFO] 已回覆響應 [200]:
{
  "status": "success",
  "message": "成功收到步驟 end 的結果"
}
2026-06-20 10:31:34,968 [INFO] 
[等待延遲] 依設定於發送 ACK 前，先等待 10.0 秒...
2026-06-20 10:31:44,001 [INFO] 
[發送確認] 非同步發送 ACK (action='unload') 給 RMS...
2026-06-20 10:31:44,143 [INFO] HTTP POST 成功 -> http://192.168.168.63:31111/awd/rms/set_mission_ack
回應狀態: 200
回應內容:
{"message":"OK"}

2026-06-20 10:31:44,971 [INFO] 
[發送確認] 非同步發送 ACK (action='end') 給 RMS...
2026-06-20 10:31:45,487 [INFO] HTTP POST 成功 -> http://192.168.168.63:31111/awd/rms/set_mission_ack
回應狀態: 200
回應內容:
{"message":"OK"}

2026-06-20 10:33:38,914 [INFO] 
======== 接收到 POST 請求 ========
2026-06-20 10:33:38,914 [INFO] 時間: 2026-06-20 10:33:38.913
2026-06-20 10:33:38,914 [INFO] 端點: /awd/rms/heartbeat
2026-06-20 10:33:38,914 [INFO] 方法: POST
2026-06-20 10:33:38,914 [INFO] Body 內容:
{"protocol_version": "1.0", "sequence": "000008", "timestamp": "2026-06-20 10:33:38.780", "priority": "128", "device": "RMS1.0"}
2026-06-20 10:33:38,915 [INFO] ==================================
2026-06-20 10:33:38,915 [INFO] 已回覆響應 [404]:
{
  "status": "error",
  "message": "找不到此端點"
}
2026-06-20 10:36:30,245 [INFO] 結束 WCS 模擬器。
2026-06-20 10:36:37,639 [INFO] WCS 模擬伺服器已啟動，監聽 Port: 31112 ...
2026-06-20 10:37:05,244 [INFO] 成功自 mission.json 載入自訂子任務組合，共 9 個步驟。
2026-06-20 10:37:05,245 [INFO] 
[主動派工] 向 RMS 發送任務請求 (sequence: T_20260620_3)...
2026-06-20 10:37:05,477 [INFO] HTTP POST 成功 -> http://192.168.168.63:31111/awd/rms/set_mission_request
回應狀態: 200
回應內容:
{"priority":"128","protocol_version":"1.0","reason":"OK","reply":"ACK","sequence":"T_20260620_3","sub_missions":[{"action":"start","space":"Repeat-A-0"},{"action":"load","space":"Repeat-A-0"},{"action":"idle","space":"Repeat-B-0"},{"action":"unload","space":"GD-01-0"},{"action":"idle","space":"Repeat-B-0"},{"action":"load","space":"GD-01-0"},{"action":"unload","space":"Repeat-C-0"},{"action":"idle","space":"L-01-0"},{"action":"end","space":"L-01-0"}],"timestamp":"2026-06-20 10:37:05.474"}

2026-06-20 10:37:05,722 [INFO] 
======== 接收到 POST 請求 ========
2026-06-20 10:37:05,722 [INFO] 時間: 2026-06-20 10:37:05.722
2026-06-20 10:37:05,722 [INFO] 端點: /awd/rms/set_mission_result
2026-06-20 10:37:05,724 [INFO] 方法: POST
2026-06-20 10:37:05,725 [INFO] Body 內容:
{"protocol_version": "2.0", "sequence": "T_20260620_3", "timestamp": "2026-06-20 10:37:05.664", "priority": "128", "amr": "r16s01", "space": "Repeat-A-0", "action": "start", "result": "OK", "reason": "NA"}
2026-06-20 10:37:05,725 [INFO] ==================================
2026-06-20 10:37:05,726 [INFO] 已回覆響應 [200]:
{
  "status": "success",
  "message": "成功收到步驟 start 的結果"
}
2026-06-20 10:37:05,728 [INFO] 
[等待延遲] 依設定於發送 ACK 前，先等待 10.0 秒...
2026-06-20 10:37:15,733 [INFO] 
[發送確認] 非同步發送 ACK (action='start') 給 RMS...
2026-06-20 10:37:16,596 [INFO] 
======== 接收到 POST 請求 ========
2026-06-20 10:37:16,597 [INFO] 時間: 2026-06-20 10:37:16.596
2026-06-20 10:37:16,598 [INFO] 端點: /awd/rms/set_mission_result
2026-06-20 10:37:16,598 [INFO] 方法: POST
2026-06-20 10:37:16,599 [INFO] Body 內容:
{"protocol_version": "2.0", "sequence": "T_20260620_3", "timestamp": "2026-06-20 10:37:05.664", "priority": "128", "amr": "r16s01", "space": "Repeat-A-0", "action": "start", "result": "OK", "reason": "NA"}
2026-06-20 10:37:16,599 [INFO] ==================================
2026-06-20 10:37:16,599 [INFO] 已回覆響應 [200]:
{
  "status": "success",
  "message": "成功收到步驟 start 的結果"
}
2026-06-20 10:37:16,600 [INFO] 
[等待延遲] 依設定於發送 ACK 前，先等待 10.0 秒...
2026-06-20 10:37:16,845 [INFO] HTTP POST 成功 -> http://192.168.168.63:31111/awd/rms/set_mission_ack
回應狀態: 200
回應內容:
{"message":"OK"}

2026-06-20 10:37:26,602 [INFO] 
[發送確認] 非同步發送 ACK (action='start') 給 RMS...
2026-06-20 10:37:27,322 [INFO] HTTP POST 成功 -> http://192.168.168.63:31111/awd/rms/set_mission_ack
回應狀態: 200
回應內容:
{"message":"OK"}

2026-06-20 10:38:04,962 [INFO] 
======== 接收到 POST 請求 ========
2026-06-20 10:38:04,965 [INFO] 時間: 2026-06-20 10:38:04.962
2026-06-20 10:38:04,966 [INFO] 端點: /awd/rms/set_mission_result
2026-06-20 10:38:04,968 [INFO] 方法: POST
2026-06-20 10:38:04,971 [INFO] Body 內容:
{"protocol_version": "2.0", "sequence": "T_20260620_3", "timestamp": "2026-06-20 10:38:03.386", "priority": "128", "amr": "r16s01", "space": "Repeat-A-0", "action": "load", "result": "OK", "reason": "NA"}
2026-06-20 10:38:04,973 [INFO] ==================================
2026-06-20 10:38:04,975 [INFO] 已回覆響應 [200]:
{
  "status": "success",
  "message": "成功收到步驟 load 的結果"
}
2026-06-20 10:38:04,977 [INFO] 
[等待延遲] 依設定於發送 ACK 前，先等待 10.0 秒...
2026-06-20 10:38:14,978 [INFO] 
[發送確認] 非同步發送 ACK (action='load') 給 RMS...
2026-06-20 10:38:15,295 [INFO] 
======== 接收到 POST 請求 ========
2026-06-20 10:38:15,296 [INFO] 時間: 2026-06-20 10:38:15.295
2026-06-20 10:38:15,298 [INFO] 端點: /awd/rms/set_mission_result
2026-06-20 10:38:15,299 [INFO] 方法: POST
2026-06-20 10:38:15,299 [INFO] Body 內容:
{"protocol_version": "2.0", "sequence": "T_20260620_3", "timestamp": "2026-06-20 10:38:03.386", "priority": "128", "amr": "r16s01", "space": "Repeat-A-0", "action": "load", "result": "OK", "reason": "NA"}
2026-06-20 10:38:15,299 [INFO] ==================================
2026-06-20 10:38:15,300 [INFO] 已回覆響應 [200]:
{
  "status": "success",
  "message": "成功收到步驟 load 的結果"
}
2026-06-20 10:38:15,301 [INFO] 
[等待延遲] 依設定於發送 ACK 前，先等待 10.0 秒...
2026-06-20 10:38:15,352 [INFO] HTTP POST 成功 -> http://192.168.168.63:31111/awd/rms/set_mission_ack
回應狀態: 200
回應內容:
{"message":"OK"}

2026-06-20 10:38:25,303 [INFO] 
[發送確認] 非同步發送 ACK (action='load') 給 RMS...
2026-06-20 10:38:25,512 [INFO] HTTP POST 成功 -> http://192.168.168.63:31111/awd/rms/set_mission_ack
回應狀態: 200
回應內容:
{"message":"OK"}

2026-06-20 10:38:35,160 [INFO] 
======== 接收到 POST 請求 ========
2026-06-20 10:38:35,160 [INFO] 時間: 2026-06-20 10:38:35.159
2026-06-20 10:38:35,161 [INFO] 端點: /awd/rms/set_mission_result
2026-06-20 10:38:35,162 [INFO] 方法: POST
2026-06-20 10:38:35,162 [INFO] Body 內容:
{"protocol_version": "2.0", "sequence": "T_20260620_3", "timestamp": "2026-06-20 10:38:34.030", "priority": "128", "amr": "r16s01", "space": "Repeat-B-0", "action": "idle", "result": "OK", "reason": "NA"}
2026-06-20 10:38:35,162 [INFO] ==================================
2026-06-20 10:38:35,164 [INFO] 已回覆響應 [200]:
{
  "status": "success",
  "message": "成功收到步驟 idle 的結果"
}
2026-06-20 10:38:35,165 [INFO] 
[等待延遲] 依設定於發送 ACK 前，先等待 10.0 秒...
2026-06-20 10:38:42,967 [INFO] 
======== 接收到 POST 請求 ========
2026-06-20 10:38:42,968 [INFO] 時間: 2026-06-20 10:38:42.967
2026-06-20 10:38:42,968 [INFO] 端點: /awd/rms/heartbeat
2026-06-20 10:38:42,969 [INFO] 方法: POST
2026-06-20 10:38:42,969 [INFO] Body 內容:
{"protocol_version": "1.0", "sequence": "000009", "timestamp": "2026-06-20 10:38:40.325", "priority": "128", "device": "RMS1.0"}
2026-06-20 10:38:42,969 [INFO] ==================================
2026-06-20 10:38:42,970 [INFO] 已回覆響應 [404]:
{
  "status": "error",
  "message": "找不到此端點"
}
2026-06-20 10:38:45,167 [INFO] 
[發送確認] 非同步發送 ACK (action='idle') 給 RMS...
2026-06-20 10:38:46,044 [INFO] HTTP POST 成功 -> http://192.168.168.63:31111/awd/rms/set_mission_ack
回應狀態: 200
回應內容:
{"message":"OK"}

2026-06-20 10:38:46,079 [INFO] 
======== 接收到 POST 請求 ========
2026-06-20 10:38:46,079 [INFO] 時間: 2026-06-20 10:38:46.079
2026-06-20 10:38:46,080 [INFO] 端點: /awd/rms/set_mission_result
2026-06-20 10:38:46,080 [INFO] 方法: POST
2026-06-20 10:38:46,080 [INFO] Body 內容:
{"protocol_version": "2.0", "sequence": "T_20260620_3", "timestamp": "2026-06-20 10:38:34.030", "priority": "128", "amr": "r16s01", "space": "Repeat-B-0", "action": "idle", "result": "OK", "reason": "NA"}
2026-06-20 10:38:46,080 [INFO] ==================================
2026-06-20 10:38:46,081 [INFO] 已回覆響應 [200]:
{
  "status": "success",
  "message": "成功收到步驟 idle 的結果"
}
2026-06-20 10:38:46,081 [INFO] 
[等待延遲] 依設定於發送 ACK 前，先等待 10.0 秒...
2026-06-20 10:38:56,082 [INFO] 
[發送確認] 非同步發送 ACK (action='idle') 給 RMS...
2026-06-20 10:38:56,700 [INFO] HTTP POST 成功 -> http://192.168.168.63:31111/awd/rms/set_mission_ack
回應狀態: 200
回應內容:
{"message":"OK"}

2026-06-20 10:39:05,645 [INFO] 
======== 接收到 POST 請求 ========
2026-06-20 10:39:05,646 [INFO] 時間: 2026-06-20 10:39:05.645
2026-06-20 10:39:05,646 [INFO] 端點: /awd/rms/set_mission_result
2026-06-20 10:39:05,646 [INFO] 方法: POST
2026-06-20 10:39:05,646 [INFO] Body 內容:
{"protocol_version": "2.0", "sequence": "T_20260620_3", "timestamp": "2026-06-20 10:39:05.231", "priority": "128", "amr": "r16s01", "space": "GD-01-0", "action": "unload", "result": "OK", "reason": "NA"}
2026-06-20 10:39:05,646 [INFO] ==================================
2026-06-20 10:39:05,647 [INFO] 已回覆響應 [200]:
{
  "status": "success",
  "message": "成功收到步驟 unload 的結果"
}
2026-06-20 10:39:05,647 [INFO] 
[等待延遲] 依設定於發送 ACK 前，先等待 10.0 秒...
2026-06-20 10:39:15,649 [INFO] 
[發送確認] 非同步發送 ACK (action='unload') 給 RMS...
2026-06-20 10:39:15,879 [INFO] 
======== 接收到 POST 請求 ========
2026-06-20 10:39:15,880 [INFO] 時間: 2026-06-20 10:39:15.879
2026-06-20 10:39:15,880 [INFO] 端點: /awd/rms/set_mission_result
2026-06-20 10:39:15,880 [INFO] 方法: POST
2026-06-20 10:39:15,880 [INFO] Body 內容:
{"protocol_version": "2.0", "sequence": "T_20260620_3", "timestamp": "2026-06-20 10:39:05.231", "priority": "128", "amr": "r16s01", "space": "GD-01-0", "action": "unload", "result": "OK", "reason": "NA"}
2026-06-20 10:39:15,880 [INFO] ==================================
2026-06-20 10:39:15,881 [INFO] 已回覆響應 [200]:
{
  "status": "success",
  "message": "成功收到步驟 unload 的結果"
}
2026-06-20 10:39:15,884 [INFO] 
[等待延遲] 依設定於發送 ACK 前，先等待 10.0 秒...
2026-06-20 10:39:17,819 [INFO] HTTP POST 成功 -> http://192.168.168.63:31111/awd/rms/set_mission_ack
回應狀態: 200
回應內容:
{"message":"OK"}

2026-06-20 10:39:25,886 [INFO] 
[發送確認] 非同步發送 ACK (action='unload') 給 RMS...
2026-06-20 10:39:27,281 [INFO] HTTP POST 成功 -> http://192.168.168.63:31111/awd/rms/set_mission_ack
回應狀態: 200
回應內容:
{"message":"OK"}

2026-06-20 10:39:36,275 [INFO] 
======== 接收到 POST 請求 ========
2026-06-20 10:39:36,276 [INFO] 時間: 2026-06-20 10:39:36.275
2026-06-20 10:39:36,277 [INFO] 端點: /awd/rms/set_mission_result
2026-06-20 10:39:36,277 [INFO] 方法: POST
2026-06-20 10:39:36,278 [INFO] Body 內容:
{"protocol_version": "2.0", "sequence": "T_20260620_3", "timestamp": "2026-06-20 10:39:35.302", "priority": "128", "amr": "r16s01", "space": "Repeat-B-0", "action": "idle", "result": "OK", "reason": "NA"}
2026-06-20 10:39:36,278 [INFO] ==================================
2026-06-20 10:39:36,279 [INFO] 已回覆響應 [200]:
{
  "status": "success",
  "message": "成功收到步驟 idle 的結果"
}
2026-06-20 10:39:36,280 [INFO] 
[等待延遲] 依設定於發送 ACK 前，先等待 10.0 秒...
2026-06-20 10:39:46,119 [INFO] 
======== 接收到 POST 請求 ========
2026-06-20 10:39:46,124 [INFO] 時間: 2026-06-20 10:39:46.119
2026-06-20 10:39:46,125 [INFO] 端點: /awd/rms/set_mission_result
2026-06-20 10:39:46,125 [INFO] 方法: POST
2026-06-20 10:39:46,125 [INFO] Body 內容:
{"protocol_version": "2.0", "sequence": "T_20260620_3", "timestamp": "2026-06-20 10:39:35.302", "priority": "128", "amr": "r16s01", "space": "Repeat-B-0", "action": "idle", "result": "OK", "reason": "NA"}
2026-06-20 10:39:46,125 [INFO] ==================================
2026-06-20 10:39:46,127 [INFO] 已回覆響應 [200]:
{
  "status": "success",
  "message": "成功收到步驟 idle 的結果"
}
2026-06-20 10:39:46,129 [INFO] 
[等待延遲] 依設定於發送 ACK 前，先等待 10.0 秒...
2026-06-20 10:39:46,283 [INFO] 
[發送確認] 非同步發送 ACK (action='idle') 給 RMS...
2026-06-20 10:39:47,162 [INFO] HTTP POST 成功 -> http://192.168.168.63:31111/awd/rms/set_mission_ack
回應狀態: 200
回應內容:
{"message":"OK"}

2026-06-20 10:39:56,131 [INFO] 
[發送確認] 非同步發送 ACK (action='idle') 給 RMS...
2026-06-20 10:39:56,565 [INFO] HTTP POST 成功 -> http://192.168.168.63:31111/awd/rms/set_mission_ack
回應狀態: 200
回應內容:
{"message":"OK"}

2026-06-20 10:40:05,958 [INFO] 
======== 接收到 POST 請求 ========
2026-06-20 10:40:05,958 [INFO] 時間: 2026-06-20 10:40:05.958
2026-06-20 10:40:05,959 [INFO] 端點: /awd/rms/set_mission_result
2026-06-20 10:40:05,960 [INFO] 方法: POST
2026-06-20 10:40:05,960 [INFO] Body 內容:
{"protocol_version": "2.0", "sequence": "T_20260620_3", "timestamp": "2026-06-20 10:40:04.346", "priority": "128", "amr": "r16s01", "space": "GD-01-0", "action": "load", "result": "OK", "reason": "NA"}
2026-06-20 10:40:05,961 [INFO] ==================================
2026-06-20 10:40:05,962 [INFO] 已回覆響應 [200]:
{
  "status": "success",
  "message": "成功收到步驟 load 的結果"
}
2026-06-20 10:40:05,964 [INFO] 
[等待延遲] 依設定於發送 ACK 前，先等待 10.0 秒...
2026-06-20 10:40:15,963 [INFO] 
======== 接收到 POST 請求 ========
2026-06-20 10:40:15,964 [INFO] 時間: 2026-06-20 10:40:15.963
2026-06-20 10:40:15,966 [INFO] 
[發送確認] 非同步發送 ACK (action='load') 給 RMS...
2026-06-20 10:40:15,967 [INFO] 端點: /awd/rms/set_mission_result
2026-06-20 10:40:15,967 [INFO] 方法: POST
2026-06-20 10:40:15,967 [INFO] Body 內容:
{"protocol_version": "2.0", "sequence": "T_20260620_3", "timestamp": "2026-06-20 10:40:04.346", "priority": "128", "amr": "r16s01", "space": "GD-01-0", "action": "load", "result": "OK", "reason": "NA"}
2026-06-20 10:40:15,969 [INFO] ==================================
2026-06-20 10:40:15,970 [INFO] 已回覆響應 [200]:
{
  "status": "success",
  "message": "成功收到步驟 load 的結果"
}
2026-06-20 10:40:15,974 [INFO] 
[等待延遲] 依設定於發送 ACK 前，先等待 10.0 秒...
2026-06-20 10:40:16,472 [INFO] HTTP POST 成功 -> http://192.168.168.63:31111/awd/rms/set_mission_ack
回應狀態: 200
回應內容:
{"message":"OK"}

2026-06-20 10:40:25,975 [INFO] 
[發送確認] 非同步發送 ACK (action='load') 給 RMS...
2026-06-20 10:40:26,312 [INFO] HTTP POST 成功 -> http://192.168.168.63:31111/awd/rms/set_mission_ack
回應狀態: 200
回應內容:
{"message":"OK"}

2026-06-20 10:40:42,549 [INFO] 
======== 接收到 POST 請求 ========
2026-06-20 10:40:42,550 [INFO] 時間: 2026-06-20 10:40:42.549
2026-06-20 10:40:42,550 [INFO] 端點: /awd/rms/set_mission_result
2026-06-20 10:40:42,550 [INFO] 方法: POST
2026-06-20 10:40:42,550 [INFO] Body 內容:
{"protocol_version": "2.0", "sequence": "T_20260620_3", "timestamp": "2026-06-20 10:40:42.608", "priority": "128", "amr": "r16s01", "space": "Repeat-C-0", "action": "unload", "result": "OK", "reason": "NA"}
2026-06-20 10:40:42,550 [INFO] ==================================
2026-06-20 10:40:42,550 [INFO] 已回覆響應 [200]:
{
  "status": "success",
  "message": "成功收到步驟 unload 的結果"
}
2026-06-20 10:40:42,550 [INFO] 
[等待延遲] 依設定於發送 ACK 前，先等待 10.0 秒...
2026-06-20 10:40:52,551 [INFO] 
[發送確認] 非同步發送 ACK (action='unload') 給 RMS...
2026-06-20 10:40:53,261 [INFO] HTTP POST 成功 -> http://192.168.168.63:31111/awd/rms/set_mission_ack
回應狀態: 200
回應內容:
{"message":"OK"}

2026-06-20 10:40:54,014 [INFO] 
======== 接收到 POST 請求 ========
2026-06-20 10:40:54,014 [INFO] 時間: 2026-06-20 10:40:54.014
2026-06-20 10:40:54,015 [INFO] 端點: /awd/rms/set_mission_result
2026-06-20 10:40:54,015 [INFO] 方法: POST
2026-06-20 10:40:54,015 [INFO] Body 內容:
{"protocol_version": "2.0", "sequence": "T_20260620_3", "timestamp": "2026-06-20 10:40:42.608", "priority": "128", "amr": "r16s01", "space": "Repeat-C-0", "action": "unload", "result": "OK", "reason": "NA"}
2026-06-20 10:40:54,015 [INFO] ==================================
2026-06-20 10:40:54,015 [INFO] 已回覆響應 [200]:
{
  "status": "success",
  "message": "成功收到步驟 unload 的結果"
}
2026-06-20 10:40:54,016 [INFO] 
[等待延遲] 依設定於發送 ACK 前，先等待 10.0 秒...
2026-06-20 10:41:04,018 [INFO] 
[發送確認] 非同步發送 ACK (action='unload') 給 RMS...
2026-06-20 10:41:05,161 [INFO] HTTP POST 成功 -> http://192.168.168.63:31111/awd/rms/set_mission_ack
回應狀態: 200
回應內容:
{"message":"OK"}

2026-06-20 10:41:24,185 [INFO] 
======== 接收到 POST 請求 ========
2026-06-20 10:41:24,186 [INFO] 時間: 2026-06-20 10:41:24.185
2026-06-20 10:41:24,186 [INFO] 端點: /awd/rms/set_mission_result
2026-06-20 10:41:24,186 [INFO] 方法: POST
2026-06-20 10:41:24,186 [INFO] Body 內容:
{"protocol_version": "2.0", "sequence": "T_20260620_3", "timestamp": "2026-06-20 10:41:22.198", "priority": "128", "amr": "r16s01", "space": "L-01-0", "action": "idle", "result": "OK", "reason": "NA"}
2026-06-20 10:41:24,186 [INFO] ==================================
2026-06-20 10:41:24,186 [INFO] 已回覆響應 [200]:
{
  "status": "success",
  "message": "成功收到步驟 idle 的結果"
}
2026-06-20 10:41:24,186 [INFO] 
[等待延遲] 依設定於發送 ACK 前，先等待 10.0 秒...
2026-06-20 10:41:25,495 [INFO] 
======== 接收到 POST 請求 ========
2026-06-20 10:41:25,495 [INFO] 時間: 2026-06-20 10:41:25.495
2026-06-20 10:41:25,496 [INFO] 端點: /awd/rms/set_mission_result
2026-06-20 10:41:25,497 [INFO] 方法: POST
2026-06-20 10:41:25,497 [INFO] Body 內容:
{"protocol_version": "2.0", "sequence": "T_20260620_3", "timestamp": "2026-06-20 10:41:25.135", "priority": "128", "amr": "r16s01", "space": "L-01-0", "action": "end", "result": "OK", "reason": "NA"}
2026-06-20 10:41:25,501 [INFO] ==================================
2026-06-20 10:41:25,503 [INFO] 已回覆響應 [200]:
{
  "status": "success",
  "message": "成功收到步驟 end 的結果"
}
2026-06-20 10:41:25,505 [INFO] 
[等待延遲] 依設定於發送 ACK 前，先等待 10.0 秒...
2026-06-20 10:41:34,187 [INFO] 
[發送確認] 非同步發送 ACK (action='idle') 給 RMS...
2026-06-20 10:41:34,746 [INFO] HTTP POST 成功 -> http://192.168.168.63:31111/awd/rms/set_mission_ack
回應狀態: 200
回應內容:
{"message":"OK"}

2026-06-20 10:41:35,506 [INFO] 
[發送確認] 非同步發送 ACK (action='end') 給 RMS...
2026-06-20 10:41:35,972 [INFO] HTTP POST 成功 -> http://192.168.168.63:31111/awd/rms/set_mission_ack
回應狀態: 200
回應內容:
{"message":"OK"}

2026-06-20 10:43:40,754 [INFO] 
======== 接收到 POST 請求 ========
2026-06-20 10:43:40,754 [INFO] 時間: 2026-06-20 10:43:40.753
2026-06-20 10:43:40,755 [INFO] 端點: /awd/rms/heartbeat
2026-06-20 10:43:40,755 [INFO] 方法: POST
2026-06-20 10:43:40,756 [INFO] Body 內容:
{"protocol_version": "1.0", "sequence": "000010", "timestamp": "2026-06-20 10:43:40.349", "priority": "128", "device": "RMS1.0"}
2026-06-20 10:43:40,756 [INFO] ==================================
2026-06-20 10:43:40,757 [INFO] 已回覆響應 [404]:
{
  "status": "error",
  "message": "找不到此端點"
}
2026-06-20 10:48:40,684 [INFO] 
======== 接收到 POST 請求 ========
2026-06-20 10:48:40,687 [INFO] 時間: 2026-06-20 10:48:40.684
2026-06-20 10:48:40,688 [INFO] 端點: /awd/rms/heartbeat
2026-06-20 10:48:40,688 [INFO] 方法: POST
2026-06-20 10:48:40,689 [INFO] Body 內容:
{"protocol_version": "1.0", "sequence": "000011", "timestamp": "2026-06-20 10:48:40.376", "priority": "128", "device": "RMS1.0"}
2026-06-20 10:48:40,690 [INFO] ==================================
2026-06-20 10:48:40,690 [INFO] 已回覆響應 [404]:
{
  "status": "error",
  "message": "找不到此端點"
}
2026-06-20 10:53:40,813 [INFO] 
======== 接收到 POST 請求 ========
2026-06-20 10:53:40,814 [INFO] 時間: 2026-06-20 10:53:40.813
2026-06-20 10:53:40,815 [INFO] 端點: /awd/rms/heartbeat
2026-06-20 10:53:40,816 [INFO] 方法: POST
2026-06-20 10:53:40,816 [INFO] Body 內容:
{"protocol_version": "1.0", "sequence": "000013", "timestamp": "2026-06-20 10:53:40.852", "priority": "128", "device": "RMS1.0"}
2026-06-20 10:53:40,816 [INFO] ==================================
2026-06-20 10:53:40,817 [INFO] 已回覆響應 [404]:
{
  "status": "error",
  "message": "找不到此端點"
}
2026-06-20 10:58:40,826 [INFO] 
======== 接收到 POST 請求 ========
2026-06-20 10:58:40,827 [INFO] 時間: 2026-06-20 10:58:40.826
2026-06-20 10:58:40,829 [INFO] 端點: /awd/rms/heartbeat
2026-06-20 10:58:40,829 [INFO] 方法: POST
2026-06-20 10:58:40,830 [INFO] Body 內容:
{"protocol_version": "1.0", "sequence": "000014", "timestamp": "2026-06-20 10:58:40.861", "priority": "128", "device": "RMS1.0"}
2026-06-20 10:58:40,831 [INFO] ==================================
2026-06-20 10:58:40,832 [INFO] 已回覆響應 [404]:
{
  "status": "error",
  "message": "找不到此端點"
}
2026-06-20 10:59:21,157 [INFO] 
======== 接收到 POST 請求 ========
2026-06-20 10:59:21,157 [INFO] 時間: 2026-06-20 10:59:21.157
2026-06-20 10:59:21,158 [INFO] 端點: /awd/rms/online
2026-06-20 10:59:21,158 [INFO] 方法: POST
2026-06-20 10:59:21,158 [INFO] Body 內容:
{"protocol_version": "1.0", "sequence": "000015", "timestamp": "2026-06-20 10:59:21.220", "priority": "128", "device": "RMS1.0", "status": "off-line"}
2026-06-20 10:59:21,158 [INFO] ==================================
2026-06-20 10:59:21,158 [INFO] 已回覆響應 [404]:
{
  "status": "error",
  "message": "找不到此端點"
}
2026-06-20 11:12:34,668 [INFO] WCS 模擬伺服器已啟動，監聽 Port: 31112 ...
2026-06-20 11:20:43,805 [INFO] 
======== 接收到 POST 請求 ========
2026-06-20 11:20:43,805 [INFO] 時間: 2026-06-20 11:20:43.805
2026-06-20 11:20:43,807 [INFO] 端點: /awd/rms/online
2026-06-20 11:20:43,807 [INFO] 方法: POST
2026-06-20 11:20:43,809 [INFO] Body 內容:
{
  "protocol_version": "2.0",
  "sequence": "000001",
  "timestamp": "2026-06-20 11:20:41.743",
  "priority": "128",
  "device": "RMS01",
  "status": "remote"
}
2026-06-20 11:20:43,811 [INFO] ==================================
2026-06-20 11:20:43,813 [INFO] 已回覆響應 [404]:
{
  "status": "error",
  "message": "找不到此端點"
}
2026-06-20 11:21:36,278 [INFO] WCS 模擬伺服器已啟動，監聽 Port: 31112 ...
2026-06-20 11:21:47,530 [INFO] 
======== 接收到 POST 請求 ========
2026-06-20 11:21:47,530 [INFO] 時間: 2026-06-20 11:21:47.528
2026-06-20 11:21:47,530 [INFO] 端點: /awd/rms/online
2026-06-20 11:21:47,530 [INFO] 方法: POST
2026-06-20 11:21:47,530 [INFO] Body 內容:
{
  "protocol_version": "2.0",
  "sequence": "000001",
  "timestamp": "2026-06-20 11:21:45.458",
  "priority": "128",
  "device": "RMS01",
  "status": "remote"
}
2026-06-20 11:21:47,530 [INFO] ==================================
2026-06-20 11:21:47,530 [INFO] 已回覆響應 [404]:
{
  "status": "error",
  "message": "找不到此端點"
}
2026-06-20 11:22:38,720 [INFO] WCS 模擬伺服器已啟動，監聽 Port: 31112 ...
2026-06-20 11:22:45,395 [INFO] 
======== 接收到 POST 請求 ========
2026-06-20 11:22:45,395 [INFO] 時間: 2026-06-20 11:22:45.395
2026-06-20 11:22:45,397 [INFO] 端點: /awd/rms/online
2026-06-20 11:22:45,397 [INFO] 方法: POST
2026-06-20 11:22:45,397 [INFO] Body 內容:
{
  "protocol_version": "2.0",
  "sequence": "000001",
  "timestamp": "2026-06-20 11:22:43.332",
  "priority": "128",
  "device": "RMS01",
  "status": "remote"
}
2026-06-20 11:22:45,397 [INFO] ==================================
2026-06-20 11:22:45,397 [INFO] 已回覆響應 [404]:
{
  "status": "error",
  "message": "找不到此端點"
}
2026-06-20 11:23:32,266 [INFO] WCS 模擬伺服器已啟動，監聽 Port: 31112 ...
2026-06-20 11:23:39,492 [INFO] 
======== 接收到 POST 請求 ========
2026-06-20 11:23:39,493 [INFO] 時間: 2026-06-20 11:23:39.492
2026-06-20 11:23:39,493 [INFO] 端點: /awd/rms/online
2026-06-20 11:23:39,493 [INFO] 方法: POST
2026-06-20 11:23:39,493 [INFO] Body 內容:
{
  "protocol_version": "2.0",
  "sequence": "000001",
  "timestamp": "2026-06-20 11:23:37.391",
  "priority": "128",
  "device": "RMS01",
  "status": "remote"
}
2026-06-20 11:23:39,493 [INFO] ==================================
2026-06-20 11:23:39,493 [INFO] 收到 RMS 上線狀態報告 -> 設備: RMS01, 狀態: remote
2026-06-20 11:23:39,494 [INFO] 已回覆響應 [200]:
{
  "status": "success",
  "message": "成功收到 RMS01 的上線狀態: remote"
}
2026-06-20 11:25:44,544 [INFO] WCS 模擬伺服器已啟動，監聽 Port: 31112 ...
2026-06-20 11:27:08,497 [INFO] 
======== 接收到 POST 請求 ========
2026-06-20 11:27:08,499 [INFO] 時間: 2026-06-20 11:27:08.497
2026-06-20 11:27:08,499 [INFO] 端點: /awd/rms/online
2026-06-20 11:27:08,499 [INFO] 方法: POST
2026-06-20 11:27:08,500 [INFO] Body 內容:
{"protocol_version": "1.0", "sequence": "000002", "timestamp": "2026-06-20 11:27:06.453", "priority": "128", "device": "RMS1.0", "status": "local"}
2026-06-20 11:27:08,500 [INFO] ==================================
2026-06-20 11:27:08,500 [INFO] 收到 RMS 上線狀態報告 -> 設備: RMS1.0, 狀態: local
2026-06-20 11:27:08,503 [INFO] 已回覆響應 [200]:
{
  "status": "success",
  "message": "成功收到 RMS1.0 的上線狀態: local"
}
2026-06-20 11:27:08,799 [INFO] 
======== 接收到 POST 請求 ========
2026-06-20 11:27:08,799 [INFO] 時間: 2026-06-20 11:27:08.798
2026-06-20 11:27:08,799 [INFO] 端點: /awd/rms/heartbeat
2026-06-20 11:27:08,799 [INFO] 方法: POST
2026-06-20 11:27:08,799 [INFO] Body 內容:
{"protocol_version": "1.0", "sequence": "000001", "timestamp": "2026-06-20 11:27:06.453", "priority": "128", "device": "RMS1.0"}
2026-06-20 11:27:08,799 [INFO] ==================================
2026-06-20 11:27:08,800 [INFO] 已回覆響應 [404]:
{
  "status": "error",
  "message": "找不到此端點"
}
2026-06-20 11:27:09,149 [INFO] 
======== 接收到 POST 請求 ========
2026-06-20 11:27:09,149 [INFO] 時間: 2026-06-20 11:27:09.149
2026-06-20 11:27:09,149 [INFO] 端點: /awd/rms/online
2026-06-20 11:27:09,151 [INFO] 方法: POST
2026-06-20 11:27:09,152 [INFO] Body 內容:
{"protocol_version": "1.0", "sequence": "000003", "timestamp": "2026-06-20 11:27:08.862", "priority": "128", "device": "RMS1.0", "status": "remote"}
2026-06-20 11:27:09,152 [INFO] ==================================
2026-06-20 11:27:09,153 [INFO] 收到 RMS 上線狀態報告 -> 設備: RMS1.0, 狀態: remote
2026-06-20 11:27:09,154 [INFO] 已回覆響應 [200]:
{
  "status": "success",
  "message": "成功收到 RMS1.0 的上線狀態: remote"
}
2026-06-20 11:28:04,856 [INFO] WCS 模擬器正在關閉...
2026-06-20 11:28:12,086 [INFO] WCS 模擬伺服器已啟動，監聽 Port: 31112 ...
2026-06-20 11:28:59,418 [INFO] 
======== 接收到 POST 請求 ========
2026-06-20 11:28:59,418 [INFO] 時間: 2026-06-20 11:28:59.417
2026-06-20 11:28:59,418 [INFO] 端點: /awd/rms/component_fault_alert
2026-06-20 11:28:59,419 [INFO] 方法: POST
2026-06-20 11:28:59,420 [INFO] Body 內容:
{"protocol_version": "1.0", "sequence": "c00004", "timestamp": "2026-06-20 11:28:59.439", "priority": "128", "device": "r16s01", "position": "4.2,-3.7,0.0", "event": "NG-to-OK", "component": "RESTART", "mission_sequence": "none", "alert_code": "n070001", "reason": "\u8eca\u8f1b\u5fa9\u6b78\u3002"}
2026-06-20 11:28:59,420 [INFO] ==================================
2026-06-20 11:28:59,421 [INFO] 已回覆響應 [404]:
{
  "status": "error",
  "message": "找不到此端點"
}
2026-06-20 11:30:02,445 [INFO] 成功自 mission.json 載入自訂子任務組合，共 9 個步驟。
2026-06-20 11:30:02,445 [INFO] 
[主動派工] 向 RMS 發送任務請求 (sequence: T_20260620_555)...
2026-06-20 11:30:02,647 [INFO] HTTP POST 成功 -> http://192.168.168.63:31111/awd/rms/set_mission_request
回應狀態: 200
回應內容:
{"priority":"128","protocol_version":"1.0","reason":"OK","reply":"ACK","sequence":"T_20260620_555","sub_missions":[{"action":"start","space":"Repeat-A-0"},{"action":"load","space":"Repeat-A-0"},{"action":"idle","space":"Repeat-B-0"},{"action":"unload","space":"GD-01-0"},{"action":"idle","space":"Repeat-B-0"},{"action":"load","space":"GD-01-0"},{"action":"unload","space":"Repeat-C-0"},{"action":"idle","space":"L-01-0"},{"action":"end","space":"L-01-0"}],"timestamp":"2026-06-20 11:30:02.723"}

2026-06-20 11:30:02,742 [INFO] 
======== 接收到 POST 請求 ========
2026-06-20 11:30:02,742 [INFO] 時間: 2026-06-20 11:30:02.742
2026-06-20 11:30:02,743 [INFO] 端點: /awd/rms/set_mission_result
2026-06-20 11:30:02,743 [INFO] 方法: POST
2026-06-20 11:30:02,743 [INFO] Body 內容:
{"protocol_version": "2.0", "sequence": "T_20260620_555", "timestamp": "2026-06-20 11:30:02.760", "priority": "128", "amr": "r16s01", "space": "Repeat-A-0", "action": "start", "result": "OK", "reason": "NA"}
2026-06-20 11:30:02,743 [INFO] ==================================
2026-06-20 11:30:02,744 [INFO] 已回覆響應 [200]:
{
  "status": "success",
  "message": "成功收到步驟 start 的結果"
}
2026-06-20 11:30:02,745 [INFO] 
[等待延遲] 依設定於發送 ACK 前，先等待 10.0 秒...
2026-06-20 11:30:12,746 [INFO] 
[發送確認] 非同步發送 ACK (action='start') 給 RMS...
2026-06-20 11:30:13,534 [INFO] HTTP POST 成功 -> http://192.168.168.63:31111/awd/rms/set_mission_ack
回應狀態: 200
回應內容:
{"message":"OK"}

2026-06-20 11:30:14,178 [INFO] 
======== 接收到 POST 請求 ========
2026-06-20 11:30:14,179 [INFO] 時間: 2026-06-20 11:30:14.178
2026-06-20 11:30:14,179 [INFO] 端點: /awd/rms/set_mission_result
2026-06-20 11:30:14,180 [INFO] 方法: POST
2026-06-20 11:30:14,180 [INFO] Body 內容:
{"protocol_version": "2.0", "sequence": "T_20260620_555", "timestamp": "2026-06-20 11:30:02.760", "priority": "128", "amr": "r16s01", "space": "Repeat-A-0", "action": "start", "result": "OK", "reason": "NA"}
2026-06-20 11:30:14,180 [INFO] ==================================
2026-06-20 11:30:14,182 [INFO] 已回覆響應 [200]:
{
  "status": "success",
  "message": "成功收到步驟 start 的結果"
}
2026-06-20 11:30:14,183 [INFO] 
[等待延遲] 依設定於發送 ACK 前，先等待 10.0 秒...
2026-06-20 11:30:24,184 [INFO] 
[發送確認] 非同步發送 ACK (action='start') 給 RMS...
2026-06-20 11:30:24,963 [INFO] HTTP POST 成功 -> http://192.168.168.63:31111/awd/rms/set_mission_ack
回應狀態: 200
回應內容:
{"message":"OK"}

2026-06-20 11:30:51,920 [INFO] 
======== 接收到 POST 請求 ========
2026-06-20 11:30:51,920 [INFO] 時間: 2026-06-20 11:30:51.920
2026-06-20 11:30:51,921 [INFO] 端點: /awd/rms/set_mission_result
2026-06-20 11:30:51,921 [INFO] 方法: POST
2026-06-20 11:30:51,922 [INFO] Body 內容:
{"protocol_version": "2.0", "sequence": "T_20260620_555", "timestamp": "2026-06-20 11:30:51.827", "priority": "128", "amr": "r16s01", "space": "Repeat-A-0", "action": "load", "result": "OK", "reason": "NA"}
2026-06-20 11:30:51,923 [INFO] ==================================
2026-06-20 11:30:51,923 [INFO] 已回覆響應 [200]:
{
  "status": "success",
  "message": "成功收到步驟 load 的結果"
}
2026-06-20 11:30:51,925 [INFO] 
[等待延遲] 依設定於發送 ACK 前，先等待 10.0 秒...
2026-06-20 11:31:01,926 [INFO] 
[發送確認] 非同步發送 ACK (action='load') 給 RMS...
2026-06-20 11:31:04,145 [INFO] HTTP POST 成功 -> http://192.168.168.63:31111/awd/rms/set_mission_ack
回應狀態: 200
回應內容:
{"message":"OK"}

2026-06-20 11:31:04,452 [INFO] 
======== 接收到 POST 請求 ========
2026-06-20 11:31:04,453 [INFO] 時間: 2026-06-20 11:31:04.450
2026-06-20 11:31:04,453 [INFO] 端點: /awd/rms/set_mission_result
2026-06-20 11:31:04,453 [INFO] 方法: POST
2026-06-20 11:31:04,454 [INFO] Body 內容:
{"protocol_version": "2.0", "sequence": "T_20260620_555", "timestamp": "2026-06-20 11:30:51.827", "priority": "128", "amr": "r16s01", "space": "Repeat-A-0", "action": "load", "result": "OK", "reason": "NA"}
2026-06-20 11:31:04,454 [INFO] ==================================
2026-06-20 11:31:04,455 [INFO] 已回覆響應 [200]:
{
  "status": "success",
  "message": "成功收到步驟 load 的結果"
}
2026-06-20 11:31:04,456 [INFO] 
[等待延遲] 依設定於發送 ACK 前，先等待 10.0 秒...
2026-06-20 11:31:14,458 [INFO] 
[發送確認] 非同步發送 ACK (action='load') 給 RMS...
2026-06-20 11:31:17,351 [INFO] HTTP POST 成功 -> http://192.168.168.63:31111/awd/rms/set_mission_ack
回應狀態: 200
回應內容:
{"message":"OK"}

2026-06-20 11:31:32,642 [INFO] 
======== 接收到 POST 請求 ========
2026-06-20 11:31:32,642 [INFO] 時間: 2026-06-20 11:31:32.642
2026-06-20 11:31:32,643 [INFO] 端點: /awd/rms/set_mission_result
2026-06-20 11:31:32,643 [INFO] 方法: POST
2026-06-20 11:31:32,643 [INFO] Body 內容:
{"protocol_version": "2.0", "sequence": "T_20260620_555", "timestamp": "2026-06-20 11:31:32.068", "priority": "128", "amr": "r16s01", "space": "Repeat-B-0", "action": "idle", "result": "OK", "reason": "NA"}
2026-06-20 11:31:32,643 [INFO] ==================================
2026-06-20 11:31:32,644 [INFO] 已回覆響應 [200]:
{
  "status": "success",
  "message": "成功收到步驟 idle 的結果"
}
2026-06-20 11:31:32,644 [INFO] 
[等待延遲] 依設定於發送 ACK 前，先等待 10.0 秒...
2026-06-20 11:31:42,646 [INFO] 
[發送確認] 非同步發送 ACK (action='idle') 給 RMS...
2026-06-20 11:31:43,905 [INFO] HTTP POST 成功 -> http://192.168.168.63:31111/awd/rms/set_mission_ack
回應狀態: 200
回應內容:
{"message":"OK"}

2026-06-20 11:31:44,260 [INFO] 
======== 接收到 POST 請求 ========
2026-06-20 11:31:44,262 [INFO] 時間: 2026-06-20 11:31:44.260
2026-06-20 11:31:44,262 [INFO] 端點: /awd/rms/set_mission_result
2026-06-20 11:31:44,263 [INFO] 方法: POST
2026-06-20 11:31:44,263 [INFO] Body 內容:
{"protocol_version": "2.0", "sequence": "T_20260620_555", "timestamp": "2026-06-20 11:31:32.068", "priority": "128", "amr": "r16s01", "space": "Repeat-B-0", "action": "idle", "result": "OK", "reason": "NA"}
2026-06-20 11:31:44,263 [INFO] ==================================
2026-06-20 11:31:44,263 [INFO] 已回覆響應 [200]:
{
  "status": "success",
  "message": "成功收到步驟 idle 的結果"
}
2026-06-20 11:31:44,265 [INFO] 
[等待延遲] 依設定於發送 ACK 前，先等待 10.0 秒...
2026-06-20 11:31:54,266 [INFO] 
[發送確認] 非同步發送 ACK (action='idle') 給 RMS...
2026-06-20 11:31:54,543 [INFO] HTTP POST 成功 -> http://192.168.168.63:31111/awd/rms/set_mission_ack
回應狀態: 200
回應內容:
{"message":"OK"}

2026-06-20 11:32:09,793 [INFO] 
======== 接收到 POST 請求 ========
2026-06-20 11:32:09,794 [INFO] 時間: 2026-06-20 11:32:09.793
2026-06-20 11:32:09,794 [INFO] 端點: /awd/rms/set_mission_result
2026-06-20 11:32:09,794 [INFO] 方法: POST
2026-06-20 11:32:09,795 [INFO] Body 內容:
{"protocol_version": "2.0", "sequence": "T_20260620_555", "timestamp": "2026-06-20 11:32:08.617", "priority": "128", "amr": "r16s01", "space": "GD-01-0", "action": "unload", "result": "OK", "reason": "NA"}
2026-06-20 11:32:09,795 [INFO] ==================================
2026-06-20 11:32:09,795 [INFO] 已回覆響應 [200]:
{
  "status": "success",
  "message": "成功收到步驟 unload 的結果"
}
2026-06-20 11:32:09,796 [INFO] 
[等待延遲] 依設定於發送 ACK 前，先等待 10.0 秒...
2026-06-20 11:32:10,747 [INFO] 
======== 接收到 POST 請求 ========
2026-06-20 11:32:10,748 [INFO] 時間: 2026-06-20 11:32:10.747
2026-06-20 11:32:10,748 [INFO] 端點: /awd/rms/heartbeat
2026-06-20 11:32:10,751 [INFO] 方法: POST
2026-06-20 11:32:10,751 [INFO] Body 內容:
{"protocol_version": "1.0", "sequence": "000005", "timestamp": "2026-06-20 11:32:08.313", "priority": "128", "device": "RMS1.0"}
2026-06-20 11:32:10,753 [INFO] ==================================
2026-06-20 11:32:10,753 [INFO] 已回覆響應 [404]:
{
  "status": "error",
  "message": "找不到此端點"
}
2026-06-20 11:32:19,799 [INFO] 
[發送確認] 非同步發送 ACK (action='unload') 給 RMS...
2026-06-20 11:32:20,341 [INFO] 
======== 接收到 POST 請求 ========
2026-06-20 11:32:20,341 [INFO] 時間: 2026-06-20 11:32:20.340
2026-06-20 11:32:20,342 [INFO] 端點: /awd/rms/set_mission_result
2026-06-20 11:32:20,342 [INFO] 方法: POST
2026-06-20 11:32:20,342 [INFO] Body 內容:
{"protocol_version": "2.0", "sequence": "T_20260620_555", "timestamp": "2026-06-20 11:32:08.617", "priority": "128", "amr": "r16s01", "space": "GD-01-0", "action": "unload", "result": "OK", "reason": "NA"}
2026-06-20 11:32:20,343 [INFO] ==================================
2026-06-20 11:32:20,343 [INFO] 已回覆響應 [200]:
{
  "status": "success",
  "message": "成功收到步驟 unload 的結果"
}
2026-06-20 11:32:20,346 [INFO] 
[等待延遲] 依設定於發送 ACK 前，先等待 10.0 秒...
2026-06-20 11:32:21,009 [INFO] HTTP POST 成功 -> http://192.168.168.63:31111/awd/rms/set_mission_ack
回應狀態: 200
回應內容:
{"message":"OK"}

2026-06-20 11:32:30,347 [INFO] 
[發送確認] 非同步發送 ACK (action='unload') 給 RMS...
2026-06-20 11:32:30,613 [INFO] HTTP POST 成功 -> http://192.168.168.63:31111/awd/rms/set_mission_ack
回應狀態: 200
回應內容:
{"message":"OK"}

2026-06-20 11:32:40,964 [INFO] 
======== 接收到 POST 請求 ========
2026-06-20 11:32:40,964 [INFO] 時間: 2026-06-20 11:32:40.963
2026-06-20 11:32:40,964 [INFO] 端點: /awd/rms/set_mission_result
2026-06-20 11:32:40,964 [INFO] 方法: POST
2026-06-20 11:32:40,964 [INFO] Body 內容:
{"protocol_version": "2.0", "sequence": "T_20260620_555", "timestamp": "2026-06-20 11:32:39.484", "priority": "128", "amr": "r16s01", "space": "Repeat-B-0", "action": "idle", "result": "OK", "reason": "NA"}
2026-06-20 11:32:40,964 [INFO] ==================================
2026-06-20 11:32:40,965 [INFO] 已回覆響應 [200]:
{
  "status": "success",
  "message": "成功收到步驟 idle 的結果"
}
2026-06-20 11:32:40,965 [INFO] 
[等待延遲] 依設定於發送 ACK 前，先等待 10.0 秒...
2026-06-20 11:32:50,968 [INFO] 
[發送確認] 非同步發送 ACK (action='idle') 給 RMS...
2026-06-20 11:32:53,046 [INFO] HTTP POST 成功 -> http://192.168.168.63:31111/awd/rms/set_mission_ack
回應狀態: 200
回應內容:
{"message":"OK"}

2026-06-20 11:32:53,745 [INFO] 
======== 接收到 POST 請求 ========
2026-06-20 11:32:53,745 [INFO] 時間: 2026-06-20 11:32:53.745
2026-06-20 11:32:53,747 [INFO] 端點: /awd/rms/set_mission_result
2026-06-20 11:32:53,747 [INFO] 方法: POST
2026-06-20 11:32:53,748 [INFO] Body 內容:
{"protocol_version": "2.0", "sequence": "T_20260620_555", "timestamp": "2026-06-20 11:32:39.484", "priority": "128", "amr": "r16s01", "space": "Repeat-B-0", "action": "idle", "result": "OK", "reason": "NA"}
2026-06-20 11:32:53,748 [INFO] ==================================
2026-06-20 11:32:53,749 [INFO] 已回覆響應 [200]:
{
  "status": "success",
  "message": "成功收到步驟 idle 的結果"
}
2026-06-20 11:32:53,749 [INFO] 
[等待延遲] 依設定於發送 ACK 前，先等待 10.0 秒...
2026-06-20 11:33:03,751 [INFO] 
[發送確認] 非同步發送 ACK (action='idle') 給 RMS...
2026-06-20 11:33:04,442 [INFO] HTTP POST 成功 -> http://192.168.168.63:31111/awd/rms/set_mission_ack
回應狀態: 200
回應內容:
{"message":"OK"}

2026-06-20 11:33:16,597 [INFO] 
======== 接收到 POST 請求 ========
2026-06-20 11:33:16,597 [INFO] 時間: 2026-06-20 11:33:16.596
2026-06-20 11:33:16,598 [INFO] 端點: /awd/rms/set_mission_result
2026-06-20 11:33:16,598 [INFO] 方法: POST
2026-06-20 11:33:16,598 [INFO] Body 內容:
{"protocol_version": "2.0", "sequence": "T_20260620_555", "timestamp": "2026-06-20 11:33:14.432", "priority": "128", "amr": "r16s01", "space": "GD-01-0", "action": "load", "result": "OK", "reason": "NA"}
2026-06-20 11:33:16,599 [INFO] ==================================
2026-06-20 11:33:16,600 [INFO] 已回覆響應 [200]:
{
  "status": "success",
  "message": "成功收到步驟 load 的結果"
}
2026-06-20 11:33:16,601 [INFO] 
[等待延遲] 依設定於發送 ACK 前，先等待 10.0 秒...
2026-06-20 11:33:26,603 [INFO] 
[發送確認] 非同步發送 ACK (action='load') 給 RMS...
2026-06-20 11:33:27,394 [INFO] HTTP POST 成功 -> http://192.168.168.63:31111/awd/rms/set_mission_ack
回應狀態: 200
回應內容:
{"message":"OK"}

2026-06-20 11:33:30,081 [INFO] 
======== 接收到 POST 請求 ========
2026-06-20 11:33:30,082 [INFO] 時間: 2026-06-20 11:33:30.081
2026-06-20 11:33:30,083 [INFO] 端點: /awd/rms/set_mission_result
2026-06-20 11:33:30,083 [INFO] 方法: POST
2026-06-20 11:33:30,084 [INFO] Body 內容:
{"protocol_version": "2.0", "sequence": "T_20260620_555", "timestamp": "2026-06-20 11:33:14.432", "priority": "128", "amr": "r16s01", "space": "GD-01-0", "action": "load", "result": "OK", "reason": "NA"}
2026-06-20 11:33:30,084 [INFO] ==================================
2026-06-20 11:33:30,085 [INFO] 已回覆響應 [200]:
{
  "status": "success",
  "message": "成功收到步驟 load 的結果"
}
2026-06-20 11:33:30,085 [INFO] 
[等待延遲] 依設定於發送 ACK 前，先等待 10.0 秒...
2026-06-20 11:33:40,086 [INFO] 
[發送確認] 非同步發送 ACK (action='load') 給 RMS...
2026-06-20 11:33:40,448 [INFO] HTTP POST 成功 -> http://192.168.168.63:31111/awd/rms/set_mission_ack
回應狀態: 200
回應內容:
{"message":"OK"}

2026-06-20 11:34:04,065 [INFO] 
======== 接收到 POST 請求 ========
2026-06-20 11:34:04,065 [INFO] 時間: 2026-06-20 11:34:04.065
2026-06-20 11:34:04,069 [INFO] 端點: /awd/rms/set_mission_result
2026-06-20 11:34:04,070 [INFO] 方法: POST
2026-06-20 11:34:04,070 [INFO] Body 內容:
{"protocol_version": "2.0", "sequence": "T_20260620_555", "timestamp": "2026-06-20 11:34:03.043", "priority": "128", "amr": "r16s01", "space": "Repeat-C-0", "action": "unload", "result": "OK", "reason": "NA"}
2026-06-20 11:34:04,070 [INFO] ==================================
2026-06-20 11:34:04,070 [INFO] 已回覆響應 [200]:
{
  "status": "success",
  "message": "成功收到步驟 unload 的結果"
}
2026-06-20 11:34:04,072 [INFO] 
[等待延遲] 依設定於發送 ACK 前，先等待 10.0 秒...
2026-06-20 11:34:14,073 [INFO] 
[發送確認] 非同步發送 ACK (action='unload') 給 RMS...
2026-06-20 11:34:14,481 [INFO] HTTP POST 成功 -> http://192.168.168.63:31111/awd/rms/set_mission_ack
回應狀態: 200
回應內容:
{"message":"OK"}

2026-06-20 11:34:14,677 [INFO] 
======== 接收到 POST 請求 ========
2026-06-20 11:34:14,677 [INFO] 時間: 2026-06-20 11:34:14.677
2026-06-20 11:34:14,677 [INFO] 端點: /awd/rms/set_mission_result
2026-06-20 11:34:14,677 [INFO] 方法: POST
2026-06-20 11:34:14,677 [INFO] Body 內容:
{"protocol_version": "2.0", "sequence": "T_20260620_555", "timestamp": "2026-06-20 11:34:03.043", "priority": "128", "amr": "r16s01", "space": "Repeat-C-0", "action": "unload", "result": "OK", "reason": "NA"}
2026-06-20 11:34:14,677 [INFO] ==================================
2026-06-20 11:34:14,677 [INFO] 已回覆響應 [200]:
{
  "status": "success",
  "message": "成功收到步驟 unload 的結果"
}
2026-06-20 11:34:14,678 [INFO] 
[等待延遲] 依設定於發送 ACK 前，先等待 10.0 秒...
2026-06-20 11:34:24,679 [INFO] 
[發送確認] 非同步發送 ACK (action='unload') 給 RMS...
2026-06-20 11:34:26,014 [INFO] HTTP POST 成功 -> http://192.168.168.63:31111/awd/rms/set_mission_ack
回應狀態: 200
回應內容:
{"message":"OK"}

2026-06-20 11:34:46,990 [INFO] 
======== 接收到 POST 請求 ========
2026-06-20 11:34:46,990 [INFO] 時間: 2026-06-20 11:34:46.990
2026-06-20 11:34:47,020 [INFO] 端點: /awd/rms/set_mission_result
2026-06-20 11:34:47,022 [INFO] 方法: POST
2026-06-20 11:34:47,022 [INFO] Body 內容:
{"protocol_version": "2.0", "sequence": "T_20260620_555", "timestamp": "2026-06-20 11:34:44.362", "priority": "128", "amr": "r16s01", "space": "L-01-0", "action": "idle", "result": "OK", "reason": "NA"}
2026-06-20 11:34:47,022 [INFO] ==================================
2026-06-20 11:34:47,022 [INFO] 已回覆響應 [200]:
{
  "status": "success",
  "message": "成功收到步驟 idle 的結果"
}
2026-06-20 11:34:47,023 [INFO] 
[等待延遲] 依設定於發送 ACK 前，先等待 10.0 秒...
2026-06-20 11:34:48,866 [INFO] 
======== 接收到 POST 請求 ========
2026-06-20 11:34:48,867 [INFO] 時間: 2026-06-20 11:34:48.866
2026-06-20 11:34:48,868 [INFO] 端點: /awd/rms/set_mission_result
2026-06-20 11:34:48,868 [INFO] 方法: POST
2026-06-20 11:34:48,868 [INFO] Body 內容:
{"protocol_version": "2.0", "sequence": "T_20260620_555", "timestamp": "2026-06-20 11:34:47.910", "priority": "128", "amr": "r16s01", "space": "L-01-0", "action": "end", "result": "OK", "reason": "NA"}
2026-06-20 11:34:48,869 [INFO] ==================================
2026-06-20 11:34:48,869 [INFO] 已回覆響應 [200]:
{
  "status": "success",
  "message": "成功收到步驟 end 的結果"
}
2026-06-20 11:34:48,871 [INFO] 
[等待延遲] 依設定於發送 ACK 前，先等待 10.0 秒...
2026-06-20 11:34:57,024 [INFO] 
[發送確認] 非同步發送 ACK (action='idle') 給 RMS...
2026-06-20 11:34:57,552 [INFO] HTTP POST 成功 -> http://192.168.168.63:31111/awd/rms/set_mission_ack
回應狀態: 200
回應內容:
{"message":"OK"}

2026-06-20 11:34:58,872 [INFO] 
[發送確認] 非同步發送 ACK (action='end') 給 RMS...
2026-06-20 11:34:59,572 [INFO] HTTP POST 成功 -> http://192.168.168.63:31111/awd/rms/set_mission_ack
回應狀態: 200
回應內容:
{"message":"OK"}

2026-06-20 11:37:08,728 [INFO] 
======== 接收到 POST 請求 ========
2026-06-20 11:37:08,728 [INFO] 時間: 2026-06-20 11:37:08.728
2026-06-20 11:37:08,729 [INFO] 端點: /awd/rms/heartbeat
2026-06-20 11:37:08,729 [INFO] 方法: POST
2026-06-20 11:37:08,729 [INFO] Body 內容:
{"protocol_version": "1.0", "sequence": "000006", "timestamp": "2026-06-20 11:37:08.397", "priority": "128", "device": "RMS1.0"}
2026-06-20 11:37:08,731 [INFO] ==================================
2026-06-20 11:37:08,731 [INFO] 已回覆響應 [404]:
{
  "status": "error",
  "message": "找不到此端點"
}
2026-06-20 11:42:09,606 [INFO] 
======== 接收到 POST 請求 ========
2026-06-20 11:42:09,606 [INFO] 時間: 2026-06-20 11:42:09.606
2026-06-20 11:42:09,606 [INFO] 端點: /awd/rms/heartbeat
2026-06-20 11:42:09,606 [INFO] 方法: POST
2026-06-20 11:42:09,606 [INFO] Body 內容:
{"protocol_version": "1.0", "sequence": "000007", "timestamp": "2026-06-20 11:42:08.564", "priority": "128", "device": "RMS1.0"}
2026-06-20 11:42:09,607 [INFO] ==================================
2026-06-20 11:42:09,607 [INFO] 已回覆響應 [404]:
{
  "status": "error",
  "message": "找不到此端點"
}
2026-06-20 11:47:09,615 [INFO] 
======== 接收到 POST 請求 ========
2026-06-20 11:47:09,617 [INFO] 時間: 2026-06-20 11:47:09.615
2026-06-20 11:47:09,617 [INFO] 端點: /awd/rms/heartbeat
2026-06-20 11:47:09,617 [INFO] 方法: POST
2026-06-20 11:47:09,617 [INFO] Body 內容:
{"protocol_version": "1.0", "sequence": "000009", "timestamp": "2026-06-20 11:47:08.615", "priority": "128", "device": "RMS1.0"}
2026-06-20 11:47:09,619 [INFO] ==================================
2026-06-20 11:47:09,619 [INFO] 已回覆響應 [404]:
{
  "status": "error",
  "message": "找不到此端點"
}
2026-06-20 11:52:10,335 [INFO] 
======== 接收到 POST 請求 ========
2026-06-20 11:52:10,335 [INFO] 時間: 2026-06-20 11:52:10.333
2026-06-20 11:52:10,336 [INFO] 端點: /awd/rms/heartbeat
2026-06-20 11:52:10,337 [INFO] 方法: POST
2026-06-20 11:52:10,337 [INFO] Body 內容:
{"protocol_version": "1.0", "sequence": "000010", "timestamp": "2026-06-20 11:52:08.801", "priority": "128", "device": "RMS1.0"}
2026-06-20 11:52:10,337 [INFO] ==================================
2026-06-20 11:52:10,338 [INFO] 已回覆響應 [404]:
{
  "status": "error",
  "message": "找不到此端點"
}
2026-06-20 11:57:10,408 [INFO] 
======== 接收到 POST 請求 ========
2026-06-20 11:57:10,409 [INFO] 時間: 2026-06-20 11:57:10.408
2026-06-20 11:57:10,410 [INFO] 端點: /awd/rms/heartbeat
2026-06-20 11:57:10,410 [INFO] 方法: POST
2026-06-20 11:57:10,410 [INFO] Body 內容:
{"protocol_version": "1.0", "sequence": "000011", "timestamp": "2026-06-20 11:57:09.037", "priority": "128", "device": "RMS1.0"}
2026-06-20 11:57:10,411 [INFO] ==================================
2026-06-20 11:57:10,411 [INFO] 已回覆響應 [404]:
{
  "status": "error",
  "message": "找不到此端點"
}
2026-06-20 12:02:10,142 [INFO] 
======== 接收到 POST 請求 ========
2026-06-20 12:02:10,142 [INFO] 時間: 2026-06-20 12:02:10.142
2026-06-20 12:02:10,143 [INFO] 端點: /awd/rms/heartbeat
2026-06-20 12:02:10,143 [INFO] 方法: POST
2026-06-20 12:02:10,143 [INFO] Body 內容:
{"protocol_version": "1.0", "sequence": "000012", "timestamp": "2026-06-20 12:02:09.594", "priority": "128", "device": "RMS1.0"}
2026-06-20 12:02:10,143 [INFO] ==================================
2026-06-20 12:02:10,143 [INFO] 已回覆響應 [404]:
{
  "status": "error",
  "message": "找不到此端點"
}
2026-06-20 12:07:10,958 [INFO] 
======== 接收到 POST 請求 ========
2026-06-20 12:07:10,959 [INFO] 時間: 2026-06-20 12:07:10.958
2026-06-20 12:07:10,961 [INFO] 端點: /awd/rms/heartbeat
2026-06-20 12:07:10,961 [INFO] 方法: POST
2026-06-20 12:07:10,962 [INFO] Body 內容:
{"protocol_version": "1.0", "sequence": "000013", "timestamp": "2026-06-20 12:07:09.722", "priority": "128", "device": "RMS1.0"}
2026-06-20 12:07:10,962 [INFO] ==================================
2026-06-20 12:07:10,962 [INFO] 已回覆響應 [404]:
{
  "status": "error",
  "message": "找不到此端點"
}
2026-06-20 12:12:09,956 [INFO] 
======== 接收到 POST 請求 ========
2026-06-20 12:12:09,957 [INFO] 時間: 2026-06-20 12:12:09.956
2026-06-20 12:12:09,959 [INFO] 端點: /awd/rms/heartbeat
2026-06-20 12:12:09,960 [INFO] 方法: POST
2026-06-20 12:12:09,964 [INFO] Body 內容:
{"protocol_version": "1.0", "sequence": "000014", "timestamp": "2026-06-20 12:12:09.731", "priority": "128", "device": "RMS1.0"}
2026-06-20 12:12:09,966 [INFO] ==================================
2026-06-20 12:12:09,968 [INFO] 已回覆響應 [404]:
{
  "status": "error",
  "message": "找不到此端點"
}
2026-06-20 12:17:10,806 [INFO] 
======== 接收到 POST 請求 ========
2026-06-20 12:17:10,807 [INFO] 時間: 2026-06-20 12:17:10.806
2026-06-20 12:17:10,807 [INFO] 端點: /awd/rms/heartbeat
2026-06-20 12:17:10,807 [INFO] 方法: POST
2026-06-20 12:17:10,807 [INFO] Body 內容:
{"protocol_version": "1.0", "sequence": "000015", "timestamp": "2026-06-20 12:17:09.918", "priority": "128", "device": "RMS1.0"}
2026-06-20 12:17:10,807 [INFO] ==================================
2026-06-20 12:17:10,809 [INFO] 已回覆響應 [404]:
{
  "status": "error",
  "message": "找不到此端點"
}
2026-06-20 12:22:11,233 [INFO] 
======== 接收到 POST 請求 ========
2026-06-20 12:22:11,234 [INFO] 時間: 2026-06-20 12:22:11.233
2026-06-20 12:22:11,236 [INFO] 端點: /awd/rms/heartbeat
2026-06-20 12:22:11,237 [INFO] 方法: POST
2026-06-20 12:22:11,237 [INFO] Body 內容:
{"protocol_version": "1.0", "sequence": "000016", "timestamp": "2026-06-20 12:22:10.223", "priority": "128", "device": "RMS1.0"}
2026-06-20 12:22:11,237 [INFO] ==================================
2026-06-20 12:22:11,237 [INFO] 已回覆響應 [404]:
{
  "status": "error",
  "message": "找不到此端點"
}
2026-06-20 12:27:11,530 [INFO] 
======== 接收到 POST 請求 ========
2026-06-20 12:27:11,531 [INFO] 時間: 2026-06-20 12:27:11.530
2026-06-20 12:27:11,532 [INFO] 端點: /awd/rms/heartbeat
2026-06-20 12:27:11,533 [INFO] 方法: POST
2026-06-20 12:27:11,533 [INFO] Body 內容:
{"protocol_version": "1.0", "sequence": "000017", "timestamp": "2026-06-20 12:27:10.274", "priority": "128", "device": "RMS1.0"}
2026-06-20 12:27:11,533 [INFO] ==================================
2026-06-20 12:27:11,533 [INFO] 已回覆響應 [404]:
{
  "status": "error",
  "message": "找不到此端點"
}
2026-06-20 12:32:11,384 [INFO] 
======== 接收到 POST 請求 ========
2026-06-20 12:32:11,384 [INFO] 時間: 2026-06-20 12:32:11.384
2026-06-20 12:32:11,385 [INFO] 端點: /awd/rms/heartbeat
2026-06-20 12:32:11,385 [INFO] 方法: POST
2026-06-20 12:32:11,385 [INFO] Body 內容:
{"protocol_version": "1.0", "sequence": "000018", "timestamp": "2026-06-20 12:32:10.490", "priority": "128", "device": "RMS1.0"}
2026-06-20 12:32:11,385 [INFO] ==================================
2026-06-20 12:32:11,386 [INFO] 已回覆響應 [404]:
{
  "status": "error",
  "message": "找不到此端點"
}
2026-06-20 12:37:12,263 [INFO] 
======== 接收到 POST 請求 ========
2026-06-20 12:37:12,264 [INFO] 時間: 2026-06-20 12:37:12.262
2026-06-20 12:37:12,264 [INFO] 端點: /awd/rms/heartbeat
2026-06-20 12:37:12,265 [INFO] 方法: POST
2026-06-20 12:37:12,266 [INFO] Body 內容:
{"protocol_version": "1.0", "sequence": "000019", "timestamp": "2026-06-20 12:37:11.227", "priority": "128", "device": "RMS1.0"}
2026-06-20 12:37:12,266 [INFO] ==================================
2026-06-20 12:37:12,267 [INFO] 已回覆響應 [404]:
{
  "status": "error",
  "message": "找不到此端點"
}
2026-06-20 12:42:12,390 [INFO] 
======== 接收到 POST 請求 ========
2026-06-20 12:42:12,392 [INFO] 時間: 2026-06-20 12:42:12.390
2026-06-20 12:42:12,393 [INFO] 端點: /awd/rms/heartbeat
2026-06-20 12:42:12,393 [INFO] 方法: POST
2026-06-20 12:42:12,394 [INFO] Body 內容:
{"protocol_version": "1.0", "sequence": "000020", "timestamp": "2026-06-20 12:42:11.359", "priority": "128", "device": "RMS1.0"}
2026-06-20 12:42:12,394 [INFO] ==================================
2026-06-20 12:42:12,395 [INFO] 已回覆響應 [404]:
{
  "status": "error",
  "message": "找不到此端點"
}
2026-06-20 12:47:11,825 [INFO] 
======== 接收到 POST 請求 ========
2026-06-20 12:47:11,826 [INFO] 時間: 2026-06-20 12:47:11.825
2026-06-20 12:47:11,827 [INFO] 端點: /awd/rms/heartbeat
2026-06-20 12:47:11,827 [INFO] 方法: POST
2026-06-20 12:47:11,828 [INFO] Body 內容:
{"protocol_version": "1.0", "sequence": "000021", "timestamp": "2026-06-20 12:47:11.407", "priority": "128", "device": "RMS1.0"}
2026-06-20 12:47:11,828 [INFO] ==================================
2026-06-20 12:47:11,829 [INFO] 已回覆響應 [404]:
{
  "status": "error",
  "message": "找不到此端點"
}
2026-06-20 12:52:12,184 [INFO] 
======== 接收到 POST 請求 ========
2026-06-20 12:52:12,185 [INFO] 時間: 2026-06-20 12:52:12.184
2026-06-20 12:52:12,185 [INFO] 端點: /awd/rms/heartbeat
2026-06-20 12:52:12,185 [INFO] 方法: POST
2026-06-20 12:52:12,186 [INFO] Body 內容:
{"protocol_version": "1.0", "sequence": "000022", "timestamp": "2026-06-20 12:52:11.586", "priority": "128", "device": "RMS1.0"}
2026-06-20 12:52:12,187 [INFO] ==================================
2026-06-20 12:52:12,187 [INFO] 已回覆響應 [404]:
{
  "status": "error",
  "message": "找不到此端點"
}
2026-06-20 12:57:13,139 [INFO] 
======== 接收到 POST 請求 ========
2026-06-20 12:57:13,141 [INFO] 時間: 2026-06-20 12:57:13.139
2026-06-20 12:57:13,142 [INFO] 端點: /awd/rms/heartbeat
2026-06-20 12:57:13,143 [INFO] 方法: POST
2026-06-20 12:57:13,143 [INFO] Body 內容:
{"protocol_version": "1.0", "sequence": "000023", "timestamp": "2026-06-20 12:57:12.504", "priority": "128", "device": "RMS1.0"}
2026-06-20 12:57:13,144 [INFO] ==================================
2026-06-20 12:57:13,144 [INFO] 已回覆響應 [404]:
{
  "status": "error",
  "message": "找不到此端點"
}
2026-06-20 13:02:13,630 [INFO] 
======== 接收到 POST 請求 ========
2026-06-20 13:02:13,631 [INFO] 時間: 2026-06-20 13:02:13.630
2026-06-20 13:02:13,632 [INFO] 端點: /awd/rms/heartbeat
2026-06-20 13:02:13,632 [INFO] 方法: POST
2026-06-20 13:02:13,632 [INFO] Body 內容:
{"protocol_version": "1.0", "sequence": "000024", "timestamp": "2026-06-20 13:02:12.782", "priority": "128", "device": "RMS1.0"}
2026-06-20 13:02:13,634 [INFO] ==================================
2026-06-20 13:02:13,634 [INFO] 已回覆響應 [404]:
{
  "status": "error",
  "message": "找不到此端點"
}
2026-06-20 13:05:14,097 [INFO] 結束 WCS 模擬器。
2026-06-20 17:52:41,127 [INFO] WCS 模擬伺服器已啟動，監聽 Port: 31112 ...
2026-06-20 17:53:19,180 [INFO] 成功自 mission.json 載入自訂子任務組合，共 9 個步驟。
2026-06-20 17:53:19,181 [INFO] 
[主動派工] 向 RMS 發送任務請求 (sequence: M1000001, 檔案: mission.json)...
2026-06-20 17:53:29,219 [ERROR] HTTP POST 連線失敗 -> http://192.168.168.63:31111/awd/rms/set_mission_request: <urlopen error timed out>
2026-06-20 17:54:17,873 [INFO] WCS 模擬伺服器已啟動，監聽 Port: 31112 ...
2026-06-20 17:54:28,871 [INFO] 成功自 mission.json 載入自訂子任務組合，共 9 個步驟。
2026-06-20 17:54:28,872 [INFO] 
[主動派工] 向 RMS 發送任務請求 (sequence: M1000001, 檔案: mission.json)...
2026-06-20 17:54:30,968 [INFO] HTTP POST 成功 -> http://localhost:31111/awd/rms/set_mission_request
回應狀態: 200
回應內容:
{
  "protocol_version": "2.0",
  "sequence": "M1000001",
  "timestamp": "2026-06-20 17:54:30.968",
  "priority": "128",
  "reply": "ACK",
  "sub_missions": [],
  "reason": "NA"
}
2026-06-20 17:54:33,030 [INFO] 
======== 接收到 POST 請求 ========
2026-06-20 17:54:33,030 [INFO] 時間: 2026-06-20 17:54:33.030
2026-06-20 17:54:33,030 [INFO] 端點: /awd/rms/set_mission_result
2026-06-20 17:54:33,031 [INFO] 方法: POST
2026-06-20 17:54:33,031 [INFO] Body 內容:
{
  "protocol_version": "2.0",
  "sequence": "M1000001",
  "timestamp": "2026-06-20 17:54:30.968",
  "priority": "128",
  "space": "Repeat-A-0",
  "action": "start",
  "result": "OK",
  "reason": "NA"
}
2026-06-20 17:54:33,031 [INFO] ==================================
2026-06-20 17:55:06,212 [INFO] WCS 模擬伺服器已啟動，監聽 Port: 31112 ...
2026-06-20 17:55:19,537 [INFO] 成功自 mission.json 載入自訂子任務組合，共 9 個步驟。
2026-06-20 17:55:19,538 [INFO] 
[主動派工] 向 RMS 發送任務請求 (sequence: M1000001, 檔案: mission.json)...
2026-06-20 17:55:21,611 [ERROR] HTTP POST 失敗 -> http://localhost:31111/awd/rms/set_mission_request [HTTP 400 - Bad Request]
回應內容:
{
  "protocol_version": "2.0",
  "sequence": "M1000001",
  "timestamp": "2026-06-20 17:55:21.610",
  "priority": "128",
  "reply": "NAK",
  "sub_missions": [],
  "reason": "Mission sequence already active or queued"
}
2026-06-20 17:55:27,248 [INFO] 成功自 mission.json 載入自訂子任務組合，共 9 個步驟。
2026-06-20 17:55:27,248 [INFO] 
[主動派工] 向 RMS 發送任務請求 (sequence: M1000002, 檔案: mission.json)...
2026-06-20 17:55:29,314 [INFO] HTTP POST 成功 -> http://localhost:31111/awd/rms/set_mission_request
回應狀態: 200
回應內容:
{
  "protocol_version": "2.0",
  "sequence": "M1000002",
  "timestamp": "2026-06-20 17:55:29.313",
  "priority": "128",
  "reply": "ACK",
  "sub_missions": [],
  "reason": "NA"
}
2026-06-20 17:55:31,359 [INFO] 
======== 接收到 POST 請求 ========
2026-06-20 17:55:31,359 [INFO] 時間: 2026-06-20 17:55:31.359
2026-06-20 17:55:31,359 [INFO] 端點: /awd/rms/set_mission_result
2026-06-20 17:55:31,359 [INFO] 方法: POST
2026-06-20 17:55:31,359 [INFO] Body 內容:
{
  "protocol_version": "2.0",
  "sequence": "M1000002",
  "timestamp": "2026-06-20 17:55:29.314",
  "priority": "128",
  "space": "Repeat-A-0",
  "action": "start",
  "result": "OK",
  "reason": "NA"
}
2026-06-20 17:55:31,359 [INFO] ==================================
2026-06-20 17:55:31,359 [INFO] 已回覆響應 [200]:
{
  "status": "success",
  "message": "成功收到步驟 start 的結果"
}
2026-06-20 17:55:41,556 [INFO] 
[發送確認] 發送 ACK (action='start') 給 RMS...
2026-06-20 17:55:43,620 [INFO] HTTP POST 成功 -> http://localhost:31111/awd/rms/set_mission_ack
回應狀態: 200
回應內容:
{
  "status": "success",
  "message": "ACK matched"
}
2026-06-20 17:55:55,670 [INFO] 
======== 接收到 POST 請求 ========
2026-06-20 17:55:55,671 [INFO] 時間: 2026-06-20 17:55:55.670
2026-06-20 17:55:55,671 [INFO] 端點: /awd/rms/set_mission_result
2026-06-20 17:55:55,671 [INFO] 方法: POST
2026-06-20 17:55:55,671 [INFO] Body 內容:
{
  "protocol_version": "2.0",
  "sequence": "M1000002",
  "timestamp": "2026-06-20 17:55:53.621",
  "priority": "128",
  "space": "Repeat-A-0",
  "action": "load",
  "result": "OK",
  "reason": "01"
}
2026-06-20 17:55:55,671 [INFO] ==================================
2026-06-20 17:55:55,671 [INFO] 已回覆響應 [200]:
{
  "status": "success",
  "message": "成功收到步驟 load 的結果"
}
2026-06-20 17:56:00,095 [INFO] 
[發送確認] 發送 ACK (action='load') 給 RMS...
2026-06-20 17:56:02,111 [INFO] HTTP POST 成功 -> http://localhost:31111/awd/rms/set_mission_ack
回應狀態: 200
回應內容:
{
  "status": "success",
  "message": "ACK matched"
}
2026-06-20 17:56:05,592 [INFO] 成功自 mission.json 載入自訂子任務組合，共 9 個步驟。
2026-06-20 17:56:05,592 [INFO] 
[主動派工] 向 RMS 發送任務請求 (sequence: M1000003, 檔案: mission.json)...
2026-06-20 17:56:07,640 [INFO] HTTP POST 成功 -> http://localhost:31111/awd/rms/set_mission_request
回應狀態: 200
回應內容:
{
  "protocol_version": "2.0",
  "sequence": "M1000003",
  "timestamp": "2026-06-20 17:56:07.640",
  "priority": "128",
  "reply": "ACK",
  "sub_missions": [],
  "reason": "NA"
}
2026-06-20 17:56:14,140 [INFO] 
======== 接收到 POST 請求 ========
2026-06-20 17:56:14,140 [INFO] 時間: 2026-06-20 17:56:14.140
2026-06-20 17:56:14,140 [INFO] 端點: /awd/rms/set_mission_result
2026-06-20 17:56:14,140 [INFO] 方法: POST
2026-06-20 17:56:14,141 [INFO] Body 內容:
{
  "protocol_version": "2.0",
  "sequence": "M1000002",
  "timestamp": "2026-06-20 17:56:12.112",
  "priority": "128",
  "space": "Repeat-B-0",
  "action": "idle",
  "result": "OK",
  "reason": "NA"
}
2026-06-20 17:56:14,141 [INFO] ==================================
2026-06-20 17:56:14,141 [INFO] 已回覆響應 [200]:
{
  "status": "success",
  "message": "成功收到步驟 idle 的結果"
}
2026-06-20 17:56:25,223 [INFO] 
[發送確認] 發送 ACK (action='idle') 給 RMS...
2026-06-20 17:56:27,276 [INFO] HTTP POST 成功 -> http://localhost:31111/awd/rms/set_mission_ack
回應狀態: 200
回應內容:
{
  "status": "success",
  "message": "ACK matched"
}
2026-06-20 17:56:39,314 [INFO] 
======== 接收到 POST 請求 ========
2026-06-20 17:56:39,314 [INFO] 時間: 2026-06-20 17:56:39.314
2026-06-20 17:56:39,314 [INFO] 端點: /awd/rms/set_mission_result
2026-06-20 17:56:39,314 [INFO] 方法: POST
2026-06-20 17:56:39,314 [INFO] Body 內容:
{
  "protocol_version": "2.0",
  "sequence": "M1000002",
  "timestamp": "2026-06-20 17:56:37.277",
  "priority": "128",
  "space": "GD-01-0",
  "action": "unload",
  "result": "OK",
  "reason": "NA"
}
2026-06-20 17:56:39,315 [INFO] ==================================
2026-06-20 17:56:39,315 [INFO] 已回覆響應 [200]:
{
  "status": "success",
  "message": "成功收到步驟 unload 的結果"
}
2026-06-20 17:56:44,991 [INFO] 
[發送確認] 發送 ACK (action='unload') 給 RMS...
2026-06-20 17:56:47,004 [INFO] HTTP POST 成功 -> http://localhost:31111/awd/rms/set_mission_ack
回應狀態: 200
回應內容:
{
  "status": "success",
  "message": "ACK matched"
}
2026-06-20 17:56:59,057 [INFO] 
======== 接收到 POST 請求 ========
2026-06-20 17:56:59,057 [INFO] 時間: 2026-06-20 17:56:59.057
2026-06-20 17:56:59,057 [INFO] 端點: /awd/rms/set_mission_result
2026-06-20 17:56:59,057 [INFO] 方法: POST
2026-06-20 17:56:59,057 [INFO] Body 內容:
{
  "protocol_version": "2.0",
  "sequence": "M1000002",
  "timestamp": "2026-06-20 17:56:57.005",
  "priority": "128",
  "space": "Repeat-B-0",
  "action": "idle",
  "result": "OK",
  "reason": "NA"
}
2026-06-20 17:56:59,058 [INFO] ==================================
2026-06-20 17:56:59,058 [INFO] 已回覆響應 [200]:
{
  "status": "success",
  "message": "成功收到步驟 idle 的結果"
}
2026-06-20 17:57:11,778 [INFO] 
[發送確認] 發送 ACK (action='idle') 給 RMS...
2026-06-20 17:57:13,791 [INFO] HTTP POST 成功 -> http://localhost:31111/awd/rms/set_mission_ack
回應狀態: 200
回應內容:
{
  "status": "success",
  "message": "ACK matched"
}
2026-06-20 17:57:25,841 [INFO] 
======== 接收到 POST 請求 ========
2026-06-20 17:57:25,841 [INFO] 時間: 2026-06-20 17:57:25.841
2026-06-20 17:57:25,841 [INFO] 端點: /awd/rms/set_mission_result
2026-06-20 17:57:25,842 [INFO] 方法: POST
2026-06-20 17:57:25,842 [INFO] Body 內容:
{
  "protocol_version": "2.0",
  "sequence": "M1000002",
  "timestamp": "2026-06-20 17:57:23.791",
  "priority": "128",
  "space": "GD-01-0",
  "action": "load",
  "result": "OK",
  "reason": "01"
}
2026-06-20 17:57:25,842 [INFO] ==================================
2026-06-20 17:57:25,842 [INFO] 已回覆響應 [200]:
{
  "status": "success",
  "message": "成功收到步驟 load 的結果"
}
2026-06-20 17:57:39,082 [INFO] 
[發送確認] 發送 ACK (action='load') 給 RMS...
2026-06-20 17:57:41,099 [INFO] HTTP POST 成功 -> http://localhost:31111/awd/rms/set_mission_ack
回應狀態: 200
回應內容:
{
  "status": "success",
  "message": "ACK matched"
}
2026-06-20 17:57:53,154 [INFO] 
======== 接收到 POST 請求 ========
2026-06-20 17:57:53,154 [INFO] 時間: 2026-06-20 17:57:53.154
2026-06-20 17:57:53,154 [INFO] 端點: /awd/rms/set_mission_result
2026-06-20 17:57:53,154 [INFO] 方法: POST
2026-06-20 17:57:53,154 [INFO] Body 內容:
{
  "protocol_version": "2.0",
  "sequence": "M1000002",
  "timestamp": "2026-06-20 17:57:51.099",
  "priority": "128",
  "space": "Repeat-C-0",
  "action": "unload",
  "result": "OK",
  "reason": "NA"
}
2026-06-20 17:57:53,154 [INFO] ==================================
2026-06-20 17:57:53,154 [INFO] 已回覆響應 [200]:
{
  "status": "success",
  "message": "成功收到步驟 unload 的結果"
}
2026-06-20 17:58:00,905 [INFO] 
[發送確認] 發送 ACK (action='unload') 給 RMS...
2026-06-20 17:58:02,964 [INFO] HTTP POST 成功 -> http://localhost:31111/awd/rms/set_mission_ack
回應狀態: 200
回應內容:
{
  "status": "success",
  "message": "ACK matched"
}
2026-06-20 17:58:15,011 [INFO] 
======== 接收到 POST 請求 ========
2026-06-20 17:58:15,011 [INFO] 時間: 2026-06-20 17:58:15.011
2026-06-20 17:58:15,012 [INFO] 端點: /awd/rms/set_mission_result
2026-06-20 17:58:15,012 [INFO] 方法: POST
2026-06-20 17:58:15,012 [INFO] Body 內容:
{
  "protocol_version": "2.0",
  "sequence": "M1000002",
  "timestamp": "2026-06-20 17:58:12.965",
  "priority": "128",
  "space": "L-01-0",
  "action": "idle",
  "result": "OK",
  "reason": "NA"
}
2026-06-20 17:58:15,012 [INFO] ==================================
2026-06-20 17:58:15,012 [INFO] 已回覆響應 [200]:
{
  "status": "success",
  "message": "成功收到步驟 idle 的結果"
}
2026-06-20 17:58:20,184 [INFO] 
[發送確認] 發送 ACK (action='idle') 給 RMS...
2026-06-20 17:58:22,235 [INFO] HTTP POST 成功 -> http://localhost:31111/awd/rms/set_mission_ack
回應狀態: 200
回應內容:
{
  "status": "success",
  "message": "ACK matched"
}
2026-06-20 17:58:34,276 [INFO] 
======== 接收到 POST 請求 ========
2026-06-20 17:58:34,276 [INFO] 時間: 2026-06-20 17:58:34.276
2026-06-20 17:58:34,276 [INFO] 端點: /awd/rms/set_mission_result
2026-06-20 17:58:34,276 [INFO] 方法: POST
2026-06-20 17:58:34,276 [INFO] Body 內容:
{
  "protocol_version": "2.0",
  "sequence": "M1000002",
  "timestamp": "2026-06-20 17:58:32.237",
  "priority": "128",
  "space": "L-01-0",
  "action": "end",
  "result": "OK",
  "reason": "NA"
}
2026-06-20 17:58:34,277 [INFO] ==================================
2026-06-20 17:58:34,277 [INFO] 已回覆響應 [200]:
{
  "status": "success",
  "message": "成功收到步驟 end 的結果"
}
2026-06-20 17:58:38,262 [INFO] 
[發送確認] 發送 ACK (action='end') 給 RMS...
2026-06-20 17:58:40,298 [INFO] HTTP POST 成功 -> http://localhost:31111/awd/rms/set_mission_ack
回應狀態: 200
回應內容:
{
  "status": "success",
  "message": "ACK matched"
}
2026-06-20 17:58:42,343 [INFO] 
======== 接收到 POST 請求 ========
2026-06-20 17:58:42,343 [INFO] 時間: 2026-06-20 17:58:42.343
2026-06-20 17:58:42,344 [INFO] 端點: /awd/rms/set_mission_result
2026-06-20 17:58:42,344 [INFO] 方法: POST
2026-06-20 17:58:42,344 [INFO] Body 內容:
{
  "protocol_version": "2.0",
  "sequence": "M1000003",
  "timestamp": "2026-06-20 17:58:40.299",
  "priority": "128",
  "space": "Repeat-A-0",
  "action": "start",
  "result": "OK",
  "reason": "NA"
}
2026-06-20 17:58:42,344 [INFO] ==================================
2026-06-20 17:58:42,344 [INFO] 已回覆響應 [200]:
{
  "status": "success",
  "message": "成功收到步驟 start 的結果"
}
2026-06-20 17:58:48,006 [INFO] 
[發送確認] 發送 ACK (action='start') 給 RMS...
2026-06-20 17:58:50,050 [INFO] HTTP POST 成功 -> http://localhost:31111/awd/rms/set_mission_ack
回應狀態: 200
回應內容:
{
  "status": "success",
  "message": "ACK matched"
}
2026-06-20 17:58:52,098 [INFO] 成功自 RMS_02_mission.json 載入自訂子任務組合，共 6 個步驟。
2026-06-20 17:58:52,098 [INFO] 
[主動派工] 向 RMS 發送任務請求 (sequence: M1000004, 檔案: RMS_02_mission.json)...
2026-06-20 17:58:54,152 [INFO] HTTP POST 成功 -> http://localhost:31111/awd/rms/set_mission_request
回應狀態: 200
回應內容:
{
  "protocol_version": "2.0",
  "sequence": "M1000004",
  "timestamp": "2026-06-20 17:58:54.152",
  "priority": "128",
  "reply": "ACK",
  "sub_missions": [],
  "reason": "NA"
}
2026-06-20 17:59:02,061 [INFO] 
======== 接收到 POST 請求 ========
2026-06-20 17:59:02,061 [INFO] 時間: 2026-06-20 17:59:02.061
2026-06-20 17:59:02,062 [INFO] 端點: /awd/rms/set_mission_result
2026-06-20 17:59:02,062 [INFO] 方法: POST
2026-06-20 17:59:02,062 [INFO] Body 內容:
{
  "protocol_version": "2.0",
  "sequence": "M1000003",
  "timestamp": "2026-06-20 17:59:00.052",
  "priority": "128",
  "space": "Repeat-A-0",
  "action": "load",
  "result": "OK",
  "reason": "01"
}
2026-06-20 17:59:02,062 [INFO] ==================================
2026-06-20 17:59:02,062 [INFO] 已回覆響應 [200]:
{
  "status": "success",
  "message": "成功收到步驟 load 的結果"
}
2026-06-20 18:03:45,302 [INFO] WCS 模擬伺服器已啟動，監聽 Port: 31112 ...
2026-06-20 18:04:18,642 [INFO] WCS 模擬器正在關閉...
2026-06-20 18:05:24,874 [INFO] WCS 模擬伺服器已啟動，監聽 Port: 31112 ...
2026-06-20 18:06:31,453 [INFO] WCS 模擬伺服器已啟動，監聽 Port: 31112 ...
2026-06-20 18:08:30,250 [INFO] 成功自 mission.json 載入自訂子任務組合，共 6 個步驟。
2026-06-20 18:08:30,250 [INFO] 
[主動派工] 向 RMS 發送任務請求 (sequence: M1001, 檔案: mission.json)...
2026-06-20 18:08:32,340 [INFO] HTTP POST 成功 -> http://localhost:31111/awd/rms/set_mission_request
回應狀態: 200
回應內容:
{
  "protocol_version": "2.0",
  "sequence": "M1001",
  "timestamp": "2026-06-20 18:08:32.339",
  "priority": "128",
  "reply": "ACK",
  "sub_missions": [],
  "reason": "NA"
}
2026-06-20 18:08:34,395 [INFO] 
======== 接收到 POST 請求 ========
2026-06-20 18:08:34,396 [INFO] 時間: 2026-06-20 18:08:34.395
2026-06-20 18:08:34,396 [INFO] 端點: /awd/rms/set_mission_result
2026-06-20 18:08:34,397 [INFO] 方法: POST
2026-06-20 18:08:34,397 [INFO] Body 內容:
{
  "protocol_version": "2.0",
  "sequence": "M1001",
  "timestamp": "2026-06-20 18:08:32.341",
  "priority": "128",
  "space": "Repeat-A-0",
  "action": "start",
  "result": "OK",
  "reason": "NA"
}
2026-06-20 18:08:34,397 [INFO] ==================================
2026-06-20 18:08:34,398 [INFO] 已回覆響應 [200]:
{
  "status": "success",
  "message": "成功收到步驟 start 的結果"
}
2026-06-20 18:08:38,329 [INFO] 
[發送確認] 發送 ACK (action='start') 給 RMS...
2026-06-20 18:08:40,381 [INFO] HTTP POST 成功 -> http://localhost:31111/awd/rms/set_mission_ack
回應狀態: 200
回應內容:
{
  "status": "success",
  "message": "ACK matched"
}
2026-06-20 18:08:48,165 [INFO] 成功自 mission.json 載入自訂子任務組合，共 6 個步驟。
2026-06-20 18:08:48,166 [INFO] 
[主動派工] 向 RMS 發送任務請求 (sequence: M1002, 檔案: mission.json)...
2026-06-20 18:08:50,198 [INFO] HTTP POST 成功 -> http://localhost:31111/awd/rms/set_mission_request
回應狀態: 200
回應內容:
{
  "protocol_version": "2.0",
  "sequence": "M1002",
  "timestamp": "2026-06-20 18:08:50.197",
  "priority": "128",
  "reply": "ACK",
  "sub_missions": [],
  "reason": "NA"
}
2026-06-20 18:08:52,246 [INFO] 
======== 接收到 POST 請求 ========
2026-06-20 18:08:52,247 [INFO] 時間: 2026-06-20 18:08:52.246
2026-06-20 18:08:52,247 [INFO] 端點: /awd/rms/set_mission_result
2026-06-20 18:08:52,248 [INFO] 方法: POST
2026-06-20 18:08:52,248 [INFO] Body 內容:
{
  "protocol_version": "2.0",
  "sequence": "M1002",
  "timestamp": "2026-06-20 18:08:50.199",
  "priority": "128",
  "space": "Repeat-A-0",
  "action": "start",
  "result": "OK",
  "reason": "NA"
}
2026-06-20 18:08:52,249 [INFO] ==================================
2026-06-20 18:08:52,249 [INFO] 已回覆響應 [200]:
{
  "status": "success",
  "message": "成功收到步驟 start 的結果"
}
2026-06-20 18:08:52,418 [INFO] 
======== 接收到 POST 請求 ========
2026-06-20 18:08:52,419 [INFO] 時間: 2026-06-20 18:08:52.418
2026-06-20 18:08:52,419 [INFO] 端點: /awd/rms/set_mission_result
2026-06-20 18:08:52,420 [INFO] 方法: POST
2026-06-20 18:08:52,420 [INFO] Body 內容:
{
  "protocol_version": "2.0",
  "sequence": "M1001",
  "timestamp": "2026-06-20 18:08:50.384",
  "priority": "128",
  "space": "Repeat-A-0",
  "action": "load",
  "result": "OK",
  "reason": "01"
}
2026-06-20 18:08:52,421 [INFO] ==================================
2026-06-20 18:08:52,421 [INFO] 已回覆響應 [200]:
{
  "status": "success",
  "message": "成功收到步驟 load 的結果"
}
2026-06-20 18:08:55,720 [INFO] 
[發送確認] 發送 ACK (action='start') 給 RMS...
2026-06-20 18:08:57,774 [INFO] HTTP POST 成功 -> http://localhost:31111/awd/rms/set_mission_ack
回應狀態: 200
回應內容:
{
  "status": "success",
  "message": "ACK matched"
}
2026-06-20 18:09:02,781 [INFO] 
[發送確認] 發送 ACK (action='load') 給 RMS...
2026-06-20 18:09:04,820 [INFO] HTTP POST 成功 -> http://localhost:31111/awd/rms/set_mission_ack
回應狀態: 200
回應內容:
{
  "status": "success",
  "message": "ACK matched"
}
2026-06-20 18:09:09,809 [INFO] 
======== 接收到 POST 請求 ========
2026-06-20 18:09:09,809 [INFO] 時間: 2026-06-20 18:09:09.809
2026-06-20 18:09:09,809 [INFO] 端點: /awd/rms/set_mission_result
2026-06-20 18:09:09,809 [INFO] 方法: POST
2026-06-20 18:09:09,809 [INFO] Body 內容:
{
  "protocol_version": "2.0",
  "sequence": "M1002",
  "timestamp": "2026-06-20 18:09:07.776",
  "priority": "128",
  "space": "Repeat-A-0",
  "action": "load",
  "result": "OK",
  "reason": "01"
}
2026-06-20 18:09:09,810 [INFO] ==================================
2026-06-20 18:09:09,810 [INFO] 已回覆響應 [200]:
{
  "status": "success",
  "message": "成功收到步驟 load 的結果"
}
2026-06-20 18:09:16,870 [INFO] 
======== 接收到 POST 請求 ========
2026-06-20 18:09:16,872 [INFO] 時間: 2026-06-20 18:09:16.870
2026-06-20 18:09:16,872 [INFO] 端點: /awd/rms/set_mission_result
2026-06-20 18:09:16,873 [INFO] 方法: POST
2026-06-20 18:09:16,873 [INFO] Body 內容:
{
  "protocol_version": "2.0",
  "sequence": "M1001",
  "timestamp": "2026-06-20 18:09:14.822",
  "priority": "128",
  "space": "Repeat-B-0",
  "action": "idle",
  "result": "OK",
  "reason": "NA"
}
2026-06-20 18:09:16,873 [INFO] ==================================
2026-06-20 18:09:16,875 [INFO] 已回覆響應 [200]:
{
  "status": "success",
  "message": "成功收到步驟 idle 的結果"
}
2026-06-20 18:09:20,720 [INFO] 拒絕回覆任務 M1002 動作 load 的 ACK。
2026-06-20 18:09:26,827 [INFO] 
[發送確認] 發送 ACK (action='idle') 給 RMS...
2026-06-20 18:09:28,866 [INFO] HTTP POST 成功 -> http://localhost:31111/awd/rms/set_mission_ack
回應狀態: 200
回應內容:
{
  "status": "success",
  "message": "ACK matched"
}
2026-06-20 18:09:40,890 [INFO] 
======== 接收到 POST 請求 ========
2026-06-20 18:09:40,891 [INFO] 時間: 2026-06-20 18:09:40.890
2026-06-20 18:09:40,891 [INFO] 端點: /awd/rms/set_mission_result
2026-06-20 18:09:40,892 [INFO] 方法: POST
2026-06-20 18:09:40,893 [INFO] Body 內容:
{
  "protocol_version": "2.0",
  "sequence": "M1001",
  "timestamp": "2026-06-20 18:09:38.868",
  "priority": "128",
  "space": "GD-01-0",
  "action": "unload",
  "result": "OK",
  "reason": "NA"
}
2026-06-20 18:09:40,893 [INFO] ==================================
2026-06-20 18:09:40,894 [INFO] 已回覆響應 [200]:
{
  "status": "success",
  "message": "成功收到步驟 unload 的結果"
}
2026-06-20 18:09:47,591 [INFO] 
[發送確認] 發送 ACK (action='unload') 給 RMS...
2026-06-20 18:09:49,655 [INFO] HTTP POST 成功 -> http://localhost:31111/awd/rms/set_mission_ack
回應狀態: 200
回應內容:
{
  "status": "success",
  "message": "ACK matched"
}
2026-06-20 18:10:01,690 [INFO] 
======== 接收到 POST 請求 ========
2026-06-20 18:10:01,692 [INFO] 時間: 2026-06-20 18:10:01.690
2026-06-20 18:10:01,694 [INFO] 端點: /awd/rms/set_mission_result
2026-06-20 18:10:01,694 [INFO] 方法: POST
2026-06-20 18:10:01,695 [INFO] Body 內容:
{
  "protocol_version": "2.0",
  "sequence": "M1001",
  "timestamp": "2026-06-20 18:09:59.658",
  "priority": "128",
  "space": "L-01-0",
  "action": "idle",
  "result": "OK",
  "reason": "NA"
}
2026-06-20 18:10:01,697 [INFO] ==================================
2026-06-20 18:10:01,697 [INFO] 已回覆響應 [200]:
{
  "status": "success",
  "message": "成功收到步驟 idle 的結果"
}
2026-06-20 18:10:11,580 [INFO] 
[發送確認] 發送 ACK (action='idle') 給 RMS...
2026-06-20 18:10:13,622 [INFO] HTTP POST 成功 -> http://localhost:31111/awd/rms/set_mission_ack
回應狀態: 200
回應內容:
{
  "status": "success",
  "message": "ACK matched"
}
2026-06-20 18:10:25,668 [INFO] 
======== 接收到 POST 請求 ========
2026-06-20 18:10:25,669 [INFO] 時間: 2026-06-20 18:10:25.668
2026-06-20 18:10:25,669 [INFO] 端點: /awd/rms/set_mission_result
2026-06-20 18:10:25,669 [INFO] 方法: POST
2026-06-20 18:10:25,670 [INFO] Body 內容:
{
  "protocol_version": "2.0",
  "sequence": "M1001",
  "timestamp": "2026-06-20 18:10:23.626",
  "priority": "128",
  "space": "L-01-0",
  "action": "end",
  "result": "OK",
  "reason": "NA"
}
2026-06-20 18:10:25,670 [INFO] ==================================
2026-06-20 18:10:25,670 [INFO] 已回覆響應 [200]:
{
  "status": "success",
  "message": "成功收到步驟 end 的結果"
}
2026-06-20 18:10:29,121 [INFO] 
[發送確認] 發送 ACK (action='end') 給 RMS...
2026-06-20 18:10:31,179 [INFO] HTTP POST 成功 -> http://localhost:31111/awd/rms/set_mission_ack
回應狀態: 200
回應內容:
{
  "status": "success",
  "message": "ACK matched"
}
2026-06-20 18:10:39,880 [INFO] 成功自 mission.json 載入自訂子任務組合，共 6 個步驟。
2026-06-20 18:10:39,880 [INFO] 
[主動派工] 向 RMS 發送任務請求 (sequence: M1003, 檔案: mission.json)...
2026-06-20 18:10:41,943 [INFO] HTTP POST 成功 -> http://localhost:31111/awd/rms/set_mission_request
回應狀態: 200
回應內容:
{
  "protocol_version": "2.0",
  "sequence": "M1003",
  "timestamp": "2026-06-20 18:10:41.942",
  "priority": "128",
  "reply": "ACK",
  "sub_missions": [],
  "reason": "NA"
}
2026-06-20 18:10:43,980 [INFO] 
======== 接收到 POST 請求 ========
2026-06-20 18:10:43,981 [INFO] 時間: 2026-06-20 18:10:43.980
2026-06-20 18:10:43,984 [INFO] 端點: /awd/rms/set_mission_result
2026-06-20 18:10:43,984 [INFO] 方法: POST
2026-06-20 18:10:43,984 [INFO] Body 內容:
{
  "protocol_version": "2.0",
  "sequence": "M1003",
  "timestamp": "2026-06-20 18:10:41.945",
  "priority": "128",
  "space": "Repeat-A-0",
  "action": "start",
  "result": "OK",
  "reason": "NA"
}
2026-06-20 18:10:43,985 [INFO] ==================================
2026-06-20 18:10:43,985 [INFO] 已回覆響應 [200]:
{
  "status": "success",
  "message": "成功收到步驟 start 的結果"
}
2026-06-20 18:10:48,558 [INFO] 
[發送確認] 發送 ACK (action='start') 給 RMS...
2026-06-20 18:10:50,588 [INFO] HTTP POST 成功 -> http://localhost:31111/awd/rms/set_mission_ack
回應狀態: 200
回應內容:
{
  "status": "success",
  "message": "ACK matched"
}
2026-06-20 18:10:59,284 [INFO] 成功自 mission.json 載入自訂子任務組合，共 6 個步驟。
2026-06-20 18:10:59,284 [INFO] 
[主動派工] 向 RMS 發送任務請求 (sequence: M1004, 檔案: mission.json)...
2026-06-20 18:11:01,307 [INFO] HTTP POST 成功 -> http://localhost:31111/awd/rms/set_mission_request
回應狀態: 200
回應內容:
{
  "protocol_version": "2.0",
  "sequence": "M1004",
  "timestamp": "2026-06-20 18:11:01.305",
  "priority": "128",
  "reply": "ACK",
  "sub_missions": [],
  "reason": "NA"
}
2026-06-20 18:11:02,650 [INFO] 
======== 接收到 POST 請求 ========
2026-06-20 18:11:02,650 [INFO] 時間: 2026-06-20 18:11:02.649
2026-06-20 18:11:02,651 [INFO] 端點: /awd/rms/set_mission_result
2026-06-20 18:11:02,651 [INFO] 方法: POST
2026-06-20 18:11:02,651 [INFO] Body 內容:
{
  "protocol_version": "2.0",
  "sequence": "M1003",
  "timestamp": "2026-06-20 18:11:00.591",
  "priority": "128",
  "space": "Repeat-A-0",
  "action": "load",
  "result": "OK",
  "reason": "01"
}
2026-06-20 18:11:02,652 [INFO] ==================================
2026-06-20 18:11:02,653 [INFO] 已回覆響應 [200]:
{
  "status": "success",
  "message": "成功收到步驟 load 的結果"
}
2026-06-20 18:11:05,116 [INFO] 
[發送確認] 發送 ACK (action='load') 給 RMS...
2026-06-20 18:11:07,156 [INFO] HTTP POST 成功 -> http://localhost:31111/awd/rms/set_mission_ack
回應狀態: 200
回應內容:
{
  "status": "success",
  "message": "ACK matched"
}
2026-06-20 18:11:19,181 [INFO] 
======== 接收到 POST 請求 ========
2026-06-20 18:11:19,181 [INFO] 時間: 2026-06-20 18:11:19.181
2026-06-20 18:11:19,182 [INFO] 端點: /awd/rms/set_mission_result
2026-06-20 18:11:19,182 [INFO] 方法: POST
2026-06-20 18:11:19,182 [INFO] Body 內容:
{
  "protocol_version": "2.0",
  "sequence": "M1003",
  "timestamp": "2026-06-20 18:11:17.158",
  "priority": "128",
  "space": "Repeat-B-0",
  "action": "idle",
  "result": "OK",
  "reason": "NA"
}
2026-06-20 18:11:19,182 [INFO] ==================================
2026-06-20 18:11:19,183 [INFO] 已回覆響應 [200]:
{
  "status": "success",
  "message": "成功收到步驟 idle 的結果"
}
2026-06-20 18:11:20,612 [INFO] 
[發送確認] 發送 ACK (action='idle') 給 RMS...
2026-06-20 18:11:22,641 [INFO] HTTP POST 成功 -> http://localhost:31111/awd/rms/set_mission_ack
回應狀態: 200
回應內容:
{
  "status": "success",
  "message": "ACK matched"
}
2026-06-20 18:11:34,668 [INFO] 
======== 接收到 POST 請求 ========
2026-06-20 18:11:34,669 [INFO] 時間: 2026-06-20 18:11:34.668
2026-06-20 18:11:34,671 [INFO] 端點: /awd/rms/set_mission_result
2026-06-20 18:11:34,671 [INFO] 方法: POST
2026-06-20 18:11:34,671 [INFO] Body 內容:
{
  "protocol_version": "2.0",
  "sequence": "M1003",
  "timestamp": "2026-06-20 18:11:32.645",
  "priority": "128",
  "space": "GD-01-0",
  "action": "unload",
  "result": "OK",
  "reason": "NA"
}
2026-06-20 18:11:34,672 [INFO] ==================================
2026-06-20 18:11:34,674 [INFO] 已回覆響應 [200]:
{
  "status": "success",
  "message": "成功收到步驟 unload 的結果"
}
2026-06-20 18:11:35,903 [INFO] 拒絕回覆任務 M1003 動作 unload 的 ACK。
2026-06-20 18:12:54,224 [INFO] WCS 模擬器正在關閉...
2026-06-20 18:17:55,128 [INFO] WCS 模擬伺服器已啟動，監聽 Port: 31112 ...
2026-06-20 18:18:07,604 [INFO] 成功自 mission.json 載入自訂子任務組合，共 6 個步驟。
2026-06-20 18:18:07,605 [INFO] 
[主動派工] 向 RMS 發送任務請求 (sequence: M1000004, 檔案: mission.json)...
2026-06-20 18:18:09,726 [INFO] HTTP POST 成功 -> http://localhost:31111/awd/rms/set_mission_request
回應狀態: 200
回應內容:
{
  "protocol_version": "2.0",
  "sequence": "M1000004",
  "timestamp": "2026-06-20 18:18:09.725",
  "priority": "128",
  "reply": "ACK",
  "sub_missions": [],
  "reason": "NA"
}
2026-06-20 18:18:11,781 [INFO] 
======== 接收到 POST 請求 ========
2026-06-20 18:18:11,782 [INFO] 時間: 2026-06-20 18:18:11.781
2026-06-20 18:18:11,782 [INFO] 端點: /awd/rms/set_mission_result
2026-06-20 18:18:11,782 [INFO] 方法: POST
2026-06-20 18:18:11,782 [INFO] Body 內容:
{
  "protocol_version": "2.0",
  "sequence": "M1000004",
  "timestamp": "2026-06-20 18:18:09.725",
  "priority": "128",
  "space": "Repeat-A-0",
  "action": "start",
  "result": "OK",
  "reason": "NA"
}
2026-06-20 18:18:11,782 [INFO] ==================================
2026-06-20 18:18:11,782 [INFO] 已回覆響應 [200]:
{
  "status": "success",
  "message": "成功收到步驟 start 的結果"
}
2026-06-20 18:18:18,967 [INFO] 拒絕回覆任務 M1000004 動作 start 的 ACK。將於 5 秒後重新詢問。
2026-06-20 18:18:49,313 [INFO] 
[發送確認] 發送 ACK (action='start') 給 RMS...
2026-06-20 18:18:51,348 [INFO] HTTP POST 成功 -> http://localhost:31111/awd/rms/set_mission_ack
回應狀態: 200
回應內容:
{
  "status": "success",
  "message": "ACK matched"
}
2026-06-20 18:19:03,426 [INFO] 
======== 接收到 POST 請求 ========
2026-06-20 18:19:03,426 [INFO] 時間: 2026-06-20 18:19:03.426
2026-06-20 18:19:03,426 [INFO] 端點: /awd/rms/set_mission_result
2026-06-20 18:19:03,426 [INFO] 方法: POST
2026-06-20 18:19:03,426 [INFO] Body 內容:
{
  "protocol_version": "2.0",
  "sequence": "M1000004",
  "timestamp": "2026-06-20 18:19:01.349",
  "priority": "128",
  "space": "Repeat-A-0",
  "action": "load",
  "result": "OK",
  "reason": "01"
}
2026-06-20 18:19:03,426 [INFO] ==================================
2026-06-20 18:19:03,426 [INFO] 已回覆響應 [200]:
{
  "status": "success",
  "message": "成功收到步驟 load 的結果"
}
2026-06-20 18:20:06,321 [INFO] WCS 模擬伺服器已啟動，監聽 Port: 31112 ...
2026-06-20 18:20:11,474 [INFO] 成功自 mission.json 載入自訂子任務組合，共 6 個步驟。
2026-06-20 18:20:11,474 [INFO] 
[主動派工] 向 RMS 發送任務請求 (sequence: M1001, 檔案: mission.json)...
2026-06-20 18:20:13,561 [INFO] HTTP POST 成功 -> http://localhost:31111/awd/rms/set_mission_request
回應狀態: 200
回應內容:
{
  "protocol_version": "2.0",
  "sequence": "M1001",
  "timestamp": "2026-06-20 18:20:13.560",
  "priority": "128",
  "reply": "ACK",
  "sub_missions": [],
  "reason": "NA"
}
2026-06-20 18:20:15,585 [INFO] 
======== 接收到 POST 請求 ========
2026-06-20 18:20:15,586 [INFO] 時間: 2026-06-20 18:20:15.585
2026-06-20 18:20:15,586 [INFO] 端點: /awd/rms/set_mission_result
2026-06-20 18:20:15,587 [INFO] 方法: POST
2026-06-20 18:20:15,587 [INFO] Body 內容:
{
  "protocol_version": "2.0",
  "sequence": "M1001",
  "timestamp": "2026-06-20 18:20:13.561",
  "priority": "128",
  "space": "Repeat-A-0",
  "action": "start",
  "result": "OK",
  "reason": "NA"
}
2026-06-20 18:20:15,587 [INFO] ==================================
2026-06-20 18:20:15,588 [INFO] 已回覆響應 [200]:
{
  "status": "success",
  "message": "成功收到步驟 start 的結果"
}
2026-06-20 18:20:20,859 [INFO] 
[發送確認] 發送 ACK (action='start') 給 RMS...
2026-06-20 18:20:22,891 [INFO] HTTP POST 成功 -> http://localhost:31111/awd/rms/set_mission_ack
回應狀態: 200
回應內容:
{
  "status": "success",
  "message": "ACK matched"
}
2026-06-20 18:20:34,863 [INFO] 成功自 mission.json 載入自訂子任務組合，共 6 個步驟。
2026-06-20 18:20:34,863 [INFO] 
[主動派工] 向 RMS 發送任務請求 (sequence: M1002, 檔案: mission.json)...
2026-06-20 18:20:34,922 [INFO] 
======== 接收到 POST 請求 ========
2026-06-20 18:20:34,923 [INFO] 時間: 2026-06-20 18:20:34.922
2026-06-20 18:20:34,923 [INFO] 端點: /awd/rms/set_mission_result
2026-06-20 18:20:34,924 [INFO] 方法: POST
2026-06-20 18:20:34,924 [INFO] Body 內容:
{
  "protocol_version": "2.0",
  "sequence": "M1001",
  "timestamp": "2026-06-20 18:20:32.896",
  "priority": "128",
  "space": "Repeat-A-0",
  "action": "load",
  "result": "OK",
  "reason": "01"
}
2026-06-20 18:20:34,924 [INFO] ==================================
2026-06-20 18:20:34,925 [INFO] 已回覆響應 [200]:
{
  "status": "success",
  "message": "成功收到步驟 load 的結果"
}
2026-06-20 18:20:36,902 [INFO] HTTP POST 成功 -> http://localhost:31111/awd/rms/set_mission_request
回應狀態: 200
回應內容:
{
  "protocol_version": "2.0",
  "sequence": "M1002",
  "timestamp": "2026-06-20 18:20:36.902",
  "priority": "128",
  "reply": "ACK",
  "sub_missions": [],
  "reason": "NA"
}
2026-06-20 18:20:38,949 [INFO] 
======== 接收到 POST 請求 ========
2026-06-20 18:20:38,949 [INFO] 時間: 2026-06-20 18:20:38.949
2026-06-20 18:20:38,953 [INFO] 端點: /awd/rms/set_mission_result
2026-06-20 18:20:38,953 [INFO] 方法: POST
2026-06-20 18:20:38,953 [INFO] Body 內容:
{
  "protocol_version": "2.0",
  "sequence": "M1002",
  "timestamp": "2026-06-20 18:20:36.904",
  "priority": "128",
  "space": "Repeat-A-0",
  "action": "start",
  "result": "OK",
  "reason": "NA"
}
2026-06-20 18:20:38,954 [INFO] ==================================
2026-06-20 18:20:38,956 [INFO] 已回覆響應 [200]:
{
  "status": "success",
  "message": "成功收到步驟 start 的結果"
}
2026-06-20 18:20:39,730 [INFO] 
[發送確認] 發送 ACK (action='load') 給 RMS...
2026-06-20 18:20:41,751 [INFO] HTTP POST 成功 -> http://localhost:31111/awd/rms/set_mission_ack
回應狀態: 200
回應內容:
{
  "status": "success",
  "message": "ACK matched"
}
2026-06-20 18:20:42,242 [INFO] 
[發送確認] 發送 ACK (action='start') 給 RMS...
2026-06-20 18:20:44,268 [INFO] HTTP POST 成功 -> http://localhost:31111/awd/rms/set_mission_ack
回應狀態: 200
回應內容:
{
  "status": "success",
  "message": "ACK matched"
}
2026-06-20 18:20:50,566 [INFO] 成功自 mission.json 載入自訂子任務組合，共 6 個步驟。
2026-06-20 18:20:50,566 [INFO] 
[主動派工] 向 RMS 發送任務請求 (sequence: M1003, 檔案: mission.json)...
2026-06-20 18:20:52,608 [INFO] HTTP POST 成功 -> http://localhost:31111/awd/rms/set_mission_request
回應狀態: 200
回應內容:
{
  "protocol_version": "2.0",
  "sequence": "M1003",
  "timestamp": "2026-06-20 18:20:52.606",
  "priority": "128",
  "reply": "ACK",
  "sub_missions": [],
  "reason": "NA"
}
2026-06-20 18:20:53,796 [INFO] 
======== 接收到 POST 請求 ========
2026-06-20 18:20:53,796 [INFO] 時間: 2026-06-20 18:20:53.795
2026-06-20 18:20:53,797 [INFO] 端點: /awd/rms/set_mission_result
2026-06-20 18:20:53,797 [INFO] 方法: POST
2026-06-20 18:20:53,798 [INFO] Body 內容:
{
  "protocol_version": "2.0",
  "sequence": "M1001",
  "timestamp": "2026-06-20 18:20:51.754",
  "priority": "128",
  "space": "Repeat-B-0",
  "action": "idle",
  "result": "OK",
  "reason": "NA"
}
2026-06-20 18:20:53,798 [INFO] ==================================
2026-06-20 18:20:53,799 [INFO] 已回覆響應 [200]:
{
  "status": "success",
  "message": "成功收到步驟 idle 的結果"
}
2026-06-20 18:20:56,016 [INFO] 
[發送確認] 發送 ACK (action='idle') 給 RMS...
2026-06-20 18:20:56,304 [INFO] 
======== 接收到 POST 請求 ========
2026-06-20 18:20:56,305 [INFO] 時間: 2026-06-20 18:20:56.304
2026-06-20 18:20:56,306 [INFO] 端點: /awd/rms/set_mission_result
2026-06-20 18:20:56,306 [INFO] 方法: POST
2026-06-20 18:20:56,306 [INFO] Body 內容:
{
  "protocol_version": "2.0",
  "sequence": "M1002",
  "timestamp": "2026-06-20 18:20:54.270",
  "priority": "128",
  "space": "Repeat-A-0",
  "action": "load",
  "result": "OK",
  "reason": "01"
}
2026-06-20 18:20:56,306 [INFO] ==================================
2026-06-20 18:20:56,307 [INFO] 已回覆響應 [200]:
{
  "status": "success",
  "message": "成功收到步驟 load 的結果"
}
2026-06-20 18:20:58,064 [INFO] HTTP POST 成功 -> http://localhost:31111/awd/rms/set_mission_ack
回應狀態: 200
回應內容:
{
  "status": "success",
  "message": "ACK matched"
}
2026-06-20 18:21:01,371 [INFO] 
[發送確認] 發送 ACK (action='load') 給 RMS...
2026-06-20 18:21:03,435 [INFO] HTTP POST 成功 -> http://localhost:31111/awd/rms/set_mission_ack
回應狀態: 200
回應內容:
{
  "status": "success",
  "message": "ACK matched"
}
2026-06-20 18:21:10,093 [INFO] 
======== 接收到 POST 請求 ========
2026-06-20 18:21:10,093 [INFO] 時間: 2026-06-20 18:21:10.092
2026-06-20 18:21:10,094 [INFO] 端點: /awd/rms/set_mission_result
2026-06-20 18:21:10,094 [INFO] 方法: POST
2026-06-20 18:21:10,094 [INFO] Body 內容:
{
  "protocol_version": "2.0",
  "sequence": "M1001",
  "timestamp": "2026-06-20 18:21:08.068",
  "priority": "128",
  "space": "GD-01-0",
  "action": "unload",
  "result": "OK",
  "reason": "NA"
}
2026-06-20 18:21:10,095 [INFO] ==================================
2026-06-20 18:21:10,097 [INFO] 已回覆響應 [200]:
{
  "status": "success",
  "message": "成功收到步驟 unload 的結果"
}
2026-06-20 18:21:12,877 [INFO] 
[發送確認] 發送 ACK (action='unload') 給 RMS...
2026-06-20 18:21:14,907 [INFO] HTTP POST 成功 -> http://localhost:31111/awd/rms/set_mission_ack
回應狀態: 200
回應內容:
{
  "status": "success",
  "message": "ACK matched"
}
2026-06-20 18:21:15,475 [INFO] 
======== 接收到 POST 請求 ========
2026-06-20 18:21:15,475 [INFO] 時間: 2026-06-20 18:21:15.474
2026-06-20 18:21:15,476 [INFO] 端點: /awd/rms/set_mission_result
2026-06-20 18:21:15,477 [INFO] 方法: POST
2026-06-20 18:21:15,477 [INFO] Body 內容:
{
  "protocol_version": "2.0",
  "sequence": "M1002",
  "timestamp": "2026-06-20 18:21:13.436",
  "priority": "128",
  "space": "Repeat-B-0",
  "action": "idle",
  "result": "OK",
  "reason": "NA"
}
2026-06-20 18:21:15,477 [INFO] ==================================
2026-06-20 18:21:15,478 [INFO] 已回覆響應 [200]:
{
  "status": "success",
  "message": "成功收到步驟 idle 的結果"
}
2026-06-20 18:21:19,584 [INFO] 
[發送確認] 發送 ACK (action='idle') 給 RMS...
2026-06-20 18:21:21,612 [INFO] HTTP POST 成功 -> http://localhost:31111/awd/rms/set_mission_ack
回應狀態: 200
回應內容:
{
  "status": "success",
  "message": "ACK matched"
}
2026-06-20 18:21:26,947 [INFO] 
======== 接收到 POST 請求 ========
2026-06-20 18:21:26,948 [INFO] 時間: 2026-06-20 18:21:26.947
2026-06-20 18:21:26,949 [INFO] 端點: /awd/rms/set_mission_result
2026-06-20 18:21:26,950 [INFO] 方法: POST
2026-06-20 18:21:26,950 [INFO] Body 內容:
{
  "protocol_version": "2.0",
  "sequence": "M1001",
  "timestamp": "2026-06-20 18:21:24.908",
  "priority": "128",
  "space": "L-01-0",
  "action": "idle",
  "result": "OK",
  "reason": "NA"
}
2026-06-20 18:21:26,950 [INFO] ==================================
2026-06-20 18:21:26,953 [INFO] 已回覆響應 [200]:
{
  "status": "success",
  "message": "成功收到步驟 idle 的結果"
}
2026-06-20 18:21:28,199 [INFO] 
[發送確認] 發送 ACK (action='idle') 給 RMS...
2026-06-20 18:21:30,252 [INFO] HTTP POST 成功 -> http://localhost:31111/awd/rms/set_mission_ack
回應狀態: 200
回應內容:
{
  "status": "success",
  "message": "ACK matched"
}
2026-06-20 18:21:33,654 [INFO] 
======== 接收到 POST 請求 ========
2026-06-20 18:21:33,656 [INFO] 時間: 2026-06-20 18:21:33.654
2026-06-20 18:21:33,657 [INFO] 端點: /awd/rms/set_mission_result
2026-06-20 18:21:33,657 [INFO] 方法: POST
2026-06-20 18:21:33,658 [INFO] Body 內容:
{
  "protocol_version": "2.0",
  "sequence": "M1002",
  "timestamp": "2026-06-20 18:21:31.614",
  "priority": "128",
  "space": "GD-01-0",
  "action": "unload",
  "result": "OK",
  "reason": "NA"
}
2026-06-20 18:21:33,658 [INFO] ==================================
2026-06-20 18:21:33,658 [INFO] 已回覆響應 [200]:
{
  "status": "success",
  "message": "成功收到步驟 unload 的結果"
}
2026-06-20 18:21:37,521 [INFO] 
[發送確認] 發送 ACK (action='unload') 給 RMS...
2026-06-20 18:21:39,553 [INFO] HTTP POST 成功 -> http://localhost:31111/awd/rms/set_mission_ack
回應狀態: 200
回應內容:
{
  "status": "success",
  "message": "ACK matched"
}
2026-06-20 18:21:42,283 [INFO] 
======== 接收到 POST 請求 ========
2026-06-20 18:21:42,284 [INFO] 時間: 2026-06-20 18:21:42.283
2026-06-20 18:21:42,284 [INFO] 端點: /awd/rms/set_mission_result
2026-06-20 18:21:42,285 [INFO] 方法: POST
2026-06-20 18:21:42,285 [INFO] Body 內容:
{
  "protocol_version": "2.0",
  "sequence": "M1001",
  "timestamp": "2026-06-20 18:21:40.253",
  "priority": "128",
  "space": "L-01-0",
  "action": "end",
  "result": "OK",
  "reason": "NA"
}
2026-06-20 18:21:42,286 [INFO] ==================================
2026-06-20 18:21:42,287 [INFO] 已回覆響應 [200]:
{
  "status": "success",
  "message": "成功收到步驟 end 的結果"
}
2026-06-20 18:21:45,654 [INFO] 
[發送確認] 發送 ACK (action='end') 給 RMS...
2026-06-20 18:21:47,681 [INFO] HTTP POST 成功 -> http://localhost:31111/awd/rms/set_mission_ack
回應狀態: 200
回應內容:
{
  "status": "success",
  "message": "ACK matched"
}
2026-06-20 18:21:49,718 [INFO] 
======== 接收到 POST 請求 ========
2026-06-20 18:21:49,718 [INFO] 時間: 2026-06-20 18:21:49.718
2026-06-20 18:21:49,719 [INFO] 端點: /awd/rms/set_mission_result
2026-06-20 18:21:49,719 [INFO] 方法: POST
2026-06-20 18:21:49,719 [INFO] Body 內容:
{
  "protocol_version": "2.0",
  "sequence": "M1003",
  "timestamp": "2026-06-20 18:21:47.685",
  "priority": "128",
  "space": "Repeat-A-0",
  "action": "start",
  "result": "OK",
  "reason": "NA"
}
2026-06-20 18:21:49,720 [INFO] ==================================
2026-06-20 18:21:49,720 [INFO] 已回覆響應 [200]:
{
  "status": "success",
  "message": "成功收到步驟 start 的結果"
}
2026-06-20 18:21:51,586 [INFO] 
======== 接收到 POST 請求 ========
2026-06-20 18:21:51,587 [INFO] 時間: 2026-06-20 18:21:51.586
2026-06-20 18:21:51,587 [INFO] 端點: /awd/rms/set_mission_result
2026-06-20 18:21:51,588 [INFO] 方法: POST
2026-06-20 18:21:51,588 [INFO] Body 內容:
{
  "protocol_version": "2.0",
  "sequence": "M1002",
  "timestamp": "2026-06-20 18:21:49.555",
  "priority": "128",
  "space": "L-01-0",
  "action": "idle",
  "result": "OK",
  "reason": "NA"
}
2026-06-20 18:21:51,588 [INFO] ==================================
2026-06-20 18:21:51,589 [INFO] 已回覆響應 [200]:
{
  "status": "success",
  "message": "成功收到步驟 idle 的結果"
}
2026-06-20 18:21:53,224 [INFO] 
[發送確認] 發送 ACK (action='start') 給 RMS...
2026-06-20 18:21:55,279 [INFO] HTTP POST 成功 -> http://localhost:31111/awd/rms/set_mission_ack
回應狀態: 200
回應內容:
{
  "status": "success",
  "message": "ACK matched"
}
2026-06-20 18:21:56,791 [INFO] 
[發送確認] 發送 ACK (action='idle') 給 RMS...
2026-06-20 18:21:58,847 [INFO] HTTP POST 成功 -> http://localhost:31111/awd/rms/set_mission_ack
回應狀態: 200
回應內容:
{
  "status": "success",
  "message": "ACK matched"
}
2026-06-20 18:22:07,324 [INFO] 
======== 接收到 POST 請求 ========
2026-06-20 18:22:07,324 [INFO] 時間: 2026-06-20 18:22:07.324
2026-06-20 18:22:07,325 [INFO] 端點: /awd/rms/set_mission_result
2026-06-20 18:22:07,326 [INFO] 方法: POST
2026-06-20 18:22:07,327 [INFO] Body 內容:
{
  "protocol_version": "2.0",
  "sequence": "M1003",
  "timestamp": "2026-06-20 18:22:05.281",
  "priority": "128",
  "space": "Repeat-A-0",
  "action": "load",
  "result": "OK",
  "reason": "01"
}
2026-06-20 18:22:07,327 [INFO] ==================================
2026-06-20 18:22:07,327 [INFO] 已回覆響應 [200]:
{
  "status": "success",
  "message": "成功收到步驟 load 的結果"
}
2026-06-20 18:22:08,658 [INFO] 
[發送確認] 發送 ACK (action='load') 給 RMS...
2026-06-20 18:22:10,704 [INFO] HTTP POST 成功 -> http://localhost:31111/awd/rms/set_mission_ack
回應狀態: 200
回應內容:
{
  "status": "success",
  "message": "ACK matched"
}
2026-06-20 18:22:10,901 [INFO] 
======== 接收到 POST 請求 ========
2026-06-20 18:22:10,901 [INFO] 時間: 2026-06-20 18:22:10.901
2026-06-20 18:22:10,902 [INFO] 端點: /awd/rms/set_mission_result
2026-06-20 18:22:10,902 [INFO] 方法: POST
2026-06-20 18:22:10,902 [INFO] Body 內容:
{
  "protocol_version": "2.0",
  "sequence": "M1002",
  "timestamp": "2026-06-20 18:22:08.849",
  "priority": "128",
  "space": "L-01-0",
  "action": "end",
  "result": "OK",
  "reason": "NA"
}
2026-06-20 18:22:10,902 [INFO] ==================================
2026-06-20 18:22:10,903 [INFO] 已回覆響應 [200]:
{
  "status": "success",
  "message": "成功收到步驟 end 的結果"
}
2026-06-20 18:22:12,727 [INFO] 
[發送確認] 發送 ACK (action='end') 給 RMS...
2026-06-20 18:22:14,763 [INFO] HTTP POST 成功 -> http://localhost:31111/awd/rms/set_mission_ack
回應狀態: 200
回應內容:
{
  "status": "success",
  "message": "ACK matched"
}
2026-06-20 18:22:22,729 [INFO] 
======== 接收到 POST 請求 ========
2026-06-20 18:22:22,729 [INFO] 時間: 2026-06-20 18:22:22.728
2026-06-20 18:22:22,729 [INFO] 端點: /awd/rms/set_mission_result
2026-06-20 18:22:22,730 [INFO] 方法: POST
2026-06-20 18:22:22,730 [INFO] Body 內容:
{
  "protocol_version": "2.0",
  "sequence": "M1003",
  "timestamp": "2026-06-20 18:22:20.706",
  "priority": "128",
  "space": "Repeat-B-0",
  "action": "idle",
  "result": "OK",
  "reason": "NA"
}
2026-06-20 18:22:22,730 [INFO] ==================================
2026-06-20 18:22:22,731 [INFO] 已回覆響應 [200]:
{
  "status": "success",
  "message": "成功收到步驟 idle 的結果"
}
2026-06-20 18:22:32,313 [INFO] 
[發送確認] 發送 ACK (action='idle') 給 RMS...
2026-06-20 18:22:34,346 [INFO] HTTP POST 成功 -> http://localhost:31111/awd/rms/set_mission_ack
回應狀態: 200
回應內容:
{
  "status": "success",
  "message": "ACK matched"
}
2026-06-20 18:22:46,384 [INFO] 
======== 接收到 POST 請求 ========
2026-06-20 18:22:46,384 [INFO] 時間: 2026-06-20 18:22:46.384
2026-06-20 18:22:46,384 [INFO] 端點: /awd/rms/set_mission_result
2026-06-20 18:22:46,385 [INFO] 方法: POST
2026-06-20 18:22:46,385 [INFO] Body 內容:
{
  "protocol_version": "2.0",
  "sequence": "M1003",
  "timestamp": "2026-06-20 18:22:44.349",
  "priority": "128",
  "space": "GD-01-0",
  "action": "unload",
  "result": "OK",
  "reason": "NA"
}
2026-06-20 18:22:46,385 [INFO] ==================================
2026-06-20 18:22:46,386 [INFO] 已回覆響應 [200]:
{
  "status": "success",
  "message": "成功收到步驟 unload 的結果"
}
2026-06-20 18:22:47,707 [INFO] 
[發送確認] 發送 ACK (action='unload') 給 RMS...
2026-06-20 18:22:49,731 [INFO] HTTP POST 成功 -> http://localhost:31111/awd/rms/set_mission_ack
回應狀態: 200
回應內容:
{
  "status": "success",
  "message": "ACK matched"
}
2026-06-20 18:23:01,752 [INFO] 
======== 接收到 POST 請求 ========
2026-06-20 18:23:01,752 [INFO] 時間: 2026-06-20 18:23:01.751
2026-06-20 18:23:01,752 [INFO] 端點: /awd/rms/set_mission_result
2026-06-20 18:23:01,753 [INFO] 方法: POST
2026-06-20 18:23:01,753 [INFO] Body 內容:
{
  "protocol_version": "2.0",
  "sequence": "M1003",
  "timestamp": "2026-06-20 18:22:59.732",
  "priority": "128",
  "space": "L-01-0",
  "action": "idle",
  "result": "OK",
  "reason": "NA"
}
2026-06-20 18:23:01,753 [INFO] ==================================
2026-06-20 18:23:01,754 [INFO] 已回覆響應 [200]:
{
  "status": "success",
  "message": "成功收到步驟 idle 的結果"
}
2026-06-20 18:23:03,664 [INFO] 
[發送確認] 發送 ACK (action='idle') 給 RMS...
2026-06-20 18:23:05,702 [INFO] HTTP POST 成功 -> http://localhost:31111/awd/rms/set_mission_ack
回應狀態: 200
回應內容:
{
  "status": "success",
  "message": "ACK matched"
}
2026-06-20 18:23:17,755 [INFO] 
======== 接收到 POST 請求 ========
2026-06-20 18:23:17,756 [INFO] 時間: 2026-06-20 18:23:17.755
2026-06-20 18:23:17,757 [INFO] 端點: /awd/rms/set_mission_result
2026-06-20 18:23:17,758 [INFO] 方法: POST
2026-06-20 18:23:17,758 [INFO] Body 內容:
{
  "protocol_version": "2.0",
  "sequence": "M1003",
  "timestamp": "2026-06-20 18:23:15.706",
  "priority": "128",
  "space": "L-01-0",
  "action": "end",
  "result": "OK",
  "reason": "NA"
}
2026-06-20 18:23:17,758 [INFO] ==================================
2026-06-20 18:23:17,758 [INFO] 已回覆響應 [200]:
{
  "status": "success",
  "message": "成功收到步驟 end 的結果"
}
2026-06-20 18:23:19,372 [INFO] 
[發送確認] 發送 ACK (action='end') 給 RMS...
2026-06-20 18:23:21,424 [INFO] HTTP POST 成功 -> http://localhost:31111/awd/rms/set_mission_ack
回應狀態: 200
回應內容:
{
  "status": "success",
  "message": "ACK matched"
}
2026-06-20 18:23:28,473 [INFO] WCS 模擬器正在關閉...
2026-06-20 18:28:52,421 [INFO] WCS 模擬伺服器已啟動，監聽 Port: 31112 ...
2026-06-20 18:28:52,452 [INFO] 
======== 接收到 POST 請求 ========
2026-06-20 18:28:52,452 [INFO] 時間: 2026-06-20 18:28:52.452
2026-06-20 18:28:52,453 [INFO] 端點: /awd/rms/online
2026-06-20 18:28:52,453 [INFO] 方法: POST
2026-06-20 18:28:52,453 [INFO] Body 內容:
{
  "protocol_version": "2.0",
  "sequence": "000001",
  "timestamp": "2026-06-20 18:28:48.367",
  "priority": "128",
  "device": "RMS01",
  "status": "remote"
}
2026-06-20 18:28:52,453 [INFO] ==================================
2026-06-20 18:28:52,453 [INFO] 收到 RMS 上線狀態報告 -> 設備: RMS01, 狀態: remote
2026-06-20 18:28:52,453 [INFO] 已回覆響應 [200]:
{
  "status": "success",
  "message": "成功收到 RMS01 的上線狀態: remote"
}
2026-06-20 18:29:00,341 [INFO] 成功自 mission.json 載入自訂子任務組合，共 6 個步驟。
2026-06-20 18:29:00,342 [INFO] 
[主動派工] 向 RMS 發送任務請求 (sequence: M260620182900, 檔案: mission.json)...
2026-06-20 18:29:02,404 [INFO] HTTP POST 成功 -> http://localhost:31111/awd/rms/set_mission_request
回應狀態: 200
回應內容:
{
  "protocol_version": "2.0",
  "sequence": "M260620182900",
  "timestamp": "2026-06-20 18:29:02.404",
  "priority": "128",
  "reply": "ACK",
  "sub_missions": [],
  "reason": "NA"
}
2026-06-20 18:29:04,439 [INFO] 
======== 接收到 POST 請求 ========
2026-06-20 18:29:04,439 [INFO] 時間: 2026-06-20 18:29:04.439
2026-06-20 18:29:04,439 [INFO] 端點: /awd/rms/set_mission_result
2026-06-20 18:29:04,439 [INFO] 方法: POST
2026-06-20 18:29:04,439 [INFO] Body 內容:
{
  "protocol_version": "2.0",
  "sequence": "M260620182900",
  "timestamp": "2026-06-20 18:29:02.404",
  "priority": "128",
  "space": "Repeat-A-0",
  "action": "start",
  "result": "OK",
  "reason": "NA"
}
2026-06-20 18:29:04,439 [INFO] ==================================
2026-06-20 18:29:04,439 [INFO] 已回覆響應 [200]:
{
  "status": "success",
  "message": "成功收到步驟 start 的結果"
}
2026-06-20 18:29:20,568 [INFO] 
[發送確認] 發送 ACK (action='start') 給 RMS...
